month,cu_usd,cu_eur,cu_real,al_usd,al_real,gold_usd,gold_real,tin_usd,tin_real,brent_usd,brent_real,dxy,ratio,ratio_ma12,corr36,cu_rec_pct,al_rec_pct,gold_rec_pct,tin_rec_pct,brent_rec_pct
1960-01,715.0,,8134.2753,511.0,5813.4471,35.0,398.1813,2180.0,24801.0072,1.6,18.2026,,1.3992,,,38.6205,57.3797,7.7735,32.6463,8.9074
1960-02,728.0,,8270.9068,511.0,5805.5403,35.0,397.6397,2180.0,24767.2758,1.6,18.1778,,1.4247,,,39.2692,57.3017,7.763,32.6019,8.8953
1960-03,685.0,,7782.3779,511.0,5805.5403,35.0,397.6397,2174.0,24699.1089,1.6,18.1778,,1.3405,,,36.9497,57.3017,7.763,32.5122,8.8953
1960-04,723.0,,8177.9524,511.0,5779.9912,35.0,395.8898,2178.0,24635.6573,1.6,18.0978,,1.4149,,,38.8279,57.0495,7.7288,32.4287,8.8561
1960-05,685.0,,7740.2683,511.0,5774.1272,35.0,395.4882,2163.0,24441.1685,1.6,18.0795,,1.3405,,,36.7498,56.9917,7.721,32.1727,8.8471
1960-06,692.0,,7808.8028,511.0,5766.327,35.0,394.9539,2185.0,24656.4078,1.6,18.055,,1.3542,,,37.0752,56.9147,7.7105,32.456,8.8352
1960-07,702.0,,7937.7314,511.0,5778.0352,35.0,395.7558,2249.0,25430.1394,1.6,18.0917,,1.3738,,,37.6873,57.0302,7.7262,33.4745,8.8531
1960-08,676.0,,7628.2525,511.0,5766.327,35.0,394.9539,2205.0,24882.0957,1.6,18.055,,1.3229,,,36.218,56.9147,7.7105,32.7531,8.8352
1960-09,647.0,,7301.005,511.0,5766.327,35.0,394.9539,2227.0,25130.3525,1.6,18.055,,1.2661,,,34.6642,56.9147,7.7105,33.0799,8.8352
1960-10,613.0,,6884.7833,511.0,5739.1913,35.0,393.0953,2227.0,25012.092,1.6,17.9701,,1.1996,,,32.6881,56.6468,7.6742,32.9242,8.7936
1960-11,642.0,,7203.2271,511.0,5733.4097,35.0,392.6993,2205.0,24740.0556,1.6,17.952,,1.2564,,,34.2,56.5898,7.6665,32.5661,8.7847
1960-12,637.0,,7139.9345,511.0,5727.6398,35.0,392.3041,2189.0,24535.8188,1.6,17.9339,,1.2466,1.3283,,33.8995,56.5328,7.6588,32.2973,8.7759
1961-01,607.0,,6796.8337,511.0,5721.8814,35.0,391.9097,2163.0,24220.0185,1.6,17.9159,,1.1879,1.3107,,32.2705,56.476,7.6511,31.8816,8.7671
1961-02,617.0,,6908.8079,511.0,5721.8814,35.0,391.9097,2187.0,24488.7566,1.6,17.9159,,1.2074,1.2926,,32.8021,56.476,7.6511,32.2353,8.7671
1961-03,621.0,,6953.5976,511.0,5721.8814,35.0,391.9097,2249.0,25182.9966,1.6,17.9159,,1.2153,1.2821,,33.0148,56.476,7.6511,33.1492,8.7671
1961-04,632.0,,7083.891,511.0,5727.6398,35.0,392.3041,2308.0,25869.6527,1.6,17.9339,,1.2368,1.2673,,33.6334,56.5328,7.6588,34.053,8.7759
1961-05,668.0,,7479.8763,511.0,5721.8814,35.0,391.9097,2377.0,26616.2663,1.6,17.9159,,1.3072,1.2645,,35.5135,56.476,7.6511,35.0358,8.7671
1961-06,652.0,,7300.7176,511.0,5721.8814,35.0,391.9097,2467.0,27624.0341,1.6,17.9159,,1.2759,1.258,,34.6629,56.476,7.6511,36.3624,8.7671
1961-07,633.0,,7069.0148,511.0,5706.5823,35.0,390.8618,2520.0,28142.0495,1.6,17.868,,1.2387,1.2467,,33.5628,56.325,7.6306,37.0442,8.7436
1961-08,636.0,,7097.7727,511.0,5702.7702,35.0,390.6007,2606.0,29083.0122,1.6,17.856,,1.2446,1.2402,,33.6993,56.2873,7.6255,38.2829,8.7378
1961-09,633.0,,7054.8673,511.0,5695.1615,35.0,390.0796,2630.0,29311.6921,1.6,17.8322,,1.2387,1.2379,,33.4956,56.2122,7.6154,38.5839,8.7261
1961-10,630.0,,7021.432,511.0,5695.1615,35.0,390.0796,2606.0,29044.209,1.6,17.8322,,1.2329,1.2407,,33.3369,56.2122,7.6154,38.2318,8.7261
1961-11,632.0,,7043.7222,511.0,5695.1615,35.0,390.0796,2668.0,29735.2071,1.6,17.8322,,1.2368,1.2391,,33.4427,56.2122,7.6154,39.1414,8.7261
1961-12,635.0,,7070.0828,511.0,5689.4682,35.0,389.6896,2619.0,29159.9163,1.6,17.8144,,1.2427,1.2387,,33.5679,56.1561,7.6078,38.3841,8.7174
1962-01,635.0,,7063.0221,511.0,5683.7863,35.0,389.3004,2610.0,29030.6894,1.5,16.6843,,1.2427,1.2433,,33.5343,56.1,7.6002,38.214,8.1644
1962-02,648.0,,7190.8631,505.0,5603.9905,35.0,388.3954,2624.0,29118.5568,1.5,16.6455,,1.2832,1.2496,,34.1413,55.3124,7.5825,38.3297,8.1454
1962-03,648.0,,7176.5624,496.0,5493.1712,35.0,387.623,2652.0,29370.7462,1.5,16.6124,,1.3065,1.2572,,34.0734,54.2186,7.5674,38.6616,8.1292
1962-04,646.0,,7144.9396,496.0,5485.8979,35.0,387.1097,2615.0,28922.6271,1.5,16.5904,,1.3024,1.2627,,33.9233,54.1468,7.5574,38.0717,8.1185
1962-05,646.0,,7137.8514,496.0,5480.4556,35.0,386.7257,2533.0,27987.891,1.5,16.574,,1.3024,1.2623,,33.8896,54.0931,7.5499,36.8413,8.1104
1962-06,646.0,,7144.9396,496.0,5485.8979,35.0,387.1097,2414.0,26699.5112,1.5,16.5904,,1.3024,1.2645,,33.9233,54.1468,7.5574,35.1454,8.1185
1962-07,646.0,,7142.5753,496.0,5484.0826,35.0,386.9816,2377.0,26281.5813,1.5,16.5849,,1.3024,1.2698,,33.912,54.1289,7.5549,34.5953,8.1158
1962-08,646.0,,7128.4223,496.0,5473.2159,35.0,386.2148,2350.0,25931.567,1.5,16.5521,,1.3024,1.2746,,33.8448,54.0216,7.5399,34.1345,8.0997
1962-09,646.0,,7095.6156,496.0,5448.0268,35.0,384.4374,2350.0,25812.2239,1.5,16.4759,,1.3024,1.2799,,33.6891,53.773,7.5052,33.9774,8.0624
1962-10,646.0,,7104.9581,496.0,5455.2,35.0,384.9435,2359.0,25945.1952,1.5,16.4976,,1.3024,1.2857,,33.7334,53.8438,7.5151,34.1525,8.073
1962-11,646.0,,7104.9581,496.0,5455.2,35.0,384.9435,2407.0,26473.1177,1.5,16.4976,,1.3024,1.2912,,33.7334,53.8438,7.5151,34.8474,8.073
1962-12,646.0,,7104.9581,496.0,5455.2,35.0,384.9435,2366.0,26022.1839,1.5,16.4976,,1.3024,1.2962,,33.7334,53.8438,7.5151,34.2538,8.073
1963-01,646.0,,7090.9535,496.0,5444.4473,35.0,384.1848,2350.0,25795.2645,1.5,16.4651,,1.3024,1.3012,,33.6669,53.7377,7.5003,33.9551,8.0571
1963-02,646.0,,7081.6478,496.0,5437.3024,35.0,383.6806,2350.0,25761.4124,1.5,16.4435,,1.3024,1.3028,,33.6228,53.6671,7.4904,33.9105,8.0466
1963-03,646.0,,7074.6846,496.0,5431.9559,35.0,383.3033,2359.0,25834.6453,1.5,16.4273,,1.3024,1.3024,,33.5897,53.6144,7.4831,34.0069,8.0386
1963-04,646.0,,7081.6478,496.0,5437.3024,35.0,383.6806,2427.0,26605.5097,1.5,16.4435,,1.3024,1.3024,,33.6228,53.6671,7.4904,35.0217,8.0466
1963-05,646.0,,7074.6846,496.0,5431.9559,35.0,383.3033,2496.0,27335.0041,1.5,16.4273,,1.3024,1.3024,,33.5897,53.6144,7.4831,35.9819,8.0386
1963-06,646.0,,7051.5722,496.0,5414.2103,35.0,382.0511,2500.0,27289.3662,1.5,16.3736,,1.3024,1.3024,,33.48,53.4392,7.4586,35.9218,8.0124
1963-07,646.0,,7033.1908,496.0,5400.097,35.0,381.0552,2482.0,27022.2594,1.5,16.3309,,1.3024,1.3024,,33.3927,53.2999,7.4392,35.5702,7.9915
1963-08,646.0,,7019.4675,496.0,5389.5602,35.0,380.3117,2496.0,27121.6578,1.5,16.2991,,1.3024,1.3024,,33.3275,53.1959,7.4247,35.7011,7.9759
1963-09,646.0,,7026.3225,496.0,5394.8234,35.0,380.6831,2573.0,27985.6466,1.5,16.315,,1.3024,1.3024,,33.3601,53.2479,7.4319,36.8384,7.9837
1963-10,646.0,,7019.4675,507.0,5509.0867,35.0,380.3117,2590.0,28143.0663,1.5,16.2991,,1.2742,1.3001,,33.3275,54.3757,7.4247,37.0456,7.9759
1963-11,646.0,,7012.6259,507.0,5503.7173,35.0,379.941,2687.0,29168.6159,1.5,16.2832,,1.2742,1.2977,,33.2951,54.3227,7.4174,38.3955,7.9681
1963-12,650.0,,7033.1979,507.0,5485.8943,35.0,378.7107,2782.0,30102.0869,1.5,16.2305,,1.2821,1.296,,33.3927,54.1467,7.3934,39.6243,7.9423
1964-01,656.0,,7084.3548,507.0,5475.2559,35.0,377.9762,2873.0,31026.45,1.5,16.199,,1.2939,1.2953,,33.6356,54.0417,7.3791,40.8411,7.9269
1964-02,694.0,,7502.003,507.0,5480.5699,35.0,378.3431,3060.0,33077.9961,1.5,16.2147,,1.3688,1.3008,,35.6186,54.0942,7.3862,43.5416,7.9346
1964-03,745.0,,8045.4943,525.0,5669.6437,35.0,377.9762,2959.0,31955.1916,1.5,16.199,,1.419,1.3106,,38.199,55.9604,7.3791,42.0636,7.9269
1964-04,862.0,,9306.0072,529.0,5710.9951,35.0,377.8541,2879.0,31081.2003,1.5,16.1937,,1.6295,1.3378,,44.1837,56.3685,7.3767,40.9131,7.9244
1964-05,828.0,,8930.2927,529.0,5705.4648,35.0,377.4882,2910.0,31385.449,1.5,16.1781,,1.5652,1.3597,,42.3999,56.3139,7.3696,41.3136,7.9167
1964-06,808.0,,8706.1544,529.0,5699.9451,35.0,377.123,3265.0,35180.1907,1.5,16.1624,,1.5274,1.3785,,41.3357,56.2595,7.3624,46.3088,7.909
1964-07,855.0,,9209.6069,529.0,5698.1076,35.0,377.0015,3452.0,37183.1145,1.5,16.1572,,1.6163,1.4046,,43.726,56.2413,7.3601,48.9453,7.9065
1964-08,999.0,,10750.3017,529.0,5692.6022,35.0,376.6372,3512.0,37792.8526,1.5,16.1416,,1.8885,1.4535,,51.0411,56.187,7.3529,49.7479,7.8988
1964-09,1162.0,,12492.2851,529.0,5687.1074,35.0,376.2736,3933.0,42282.4074,1.5,16.126,,2.1966,1.528,,59.3118,56.1328,7.3458,55.6576,7.8912
1964-10,1358.0,,14580.6522,529.0,5679.7975,35.0,375.79,4372.0,46941.5402,1.5,16.1053,,2.5671,1.6357,,69.2271,56.0606,7.3364,61.7906,7.8811
1964-11,1400.0,,14988.2538,529.0,5663.4187,35.0,374.7063,4105.0,43947.7012,1.5,16.0588,,2.6465,1.7501,,71.1623,55.8989,7.3152,57.8497,7.8583
1964-12,1269.0,,13568.3916,540.0,5773.7837,35.0,374.2267,3633.0,38844.7335,1.5,16.0383,,2.35,1.8391,,64.421,56.9883,7.3059,51.1325,7.8483
1965-01,1001.0,,10692.6193,540.0,5768.2462,35.0,373.8678,3457.0,36927.4574,1.4,14.9547,,1.8537,1.8857,,50.7672,56.9336,7.2989,48.6088,7.318
1965-02,1180.0,,12604.6861,540.0,5768.2462,35.0,373.8678,3391.0,36222.4495,1.4,14.9547,,2.1852,1.9537,,59.8455,56.9336,7.2989,47.6807,7.318
1965-03,1237.0,,13200.8958,540.0,5762.7193,35.0,373.5096,3585.0,38258.0529,1.4,14.9404,,2.2907,2.0264,,62.6762,56.8791,7.2919,50.3603,7.311
1965-04,1348.0,,14353.3648,540.0,5749.8642,35.0,372.6764,3944.0,41995.3048,1.4,14.9071,,2.4963,2.0986,,68.148,56.7522,7.2756,55.2797,7.2947
1965-05,1379.0,,14636.8059,540.0,5731.5991,35.0,371.4925,4215.0,44738.3153,1.4,14.8597,,2.5537,2.181,,69.4937,56.5719,7.2525,58.8904,7.2716
1965-06,1309.0,,13836.6808,540.0,5708.0272,35.0,369.9647,4132.0,43676.9786,1.4,14.7986,,2.4241,2.2557,,65.6948,56.3392,7.2227,57.4934,7.2416
1965-07,1134.0,,11998.2443,540.0,5713.4497,35.0,370.3162,3966.0,41962.1136,1.4,14.8126,,2.1,2.296,,56.9661,56.3928,7.2295,55.236,7.2485
1965-08,1210.0,,12814.5328,540.0,5718.8824,35.0,370.6683,4092.0,43336.42,1.4,14.8267,,2.2407,2.3254,,60.8418,56.4464,7.2364,57.0451,7.2554
1965-09,1328.0,,14033.0793,540.0,5706.222,35.0,369.8477,4209.0,44476.8305,1.4,14.7939,,2.4593,2.3473,,66.6273,56.3214,7.2204,58.5462,7.2394
1965-10,1402.0,,14801.0004,540.0,5700.8133,35.0,369.4972,4010.0,42333.8171,1.4,14.7799,,2.5963,2.3497,,70.2733,56.268,7.2135,55.7253,7.2325
1965-11,1469.0,,15459.4784,540.0,5682.858,35.0,368.3334,3821.0,40211.4819,1.4,14.7333,,2.7204,2.3559,,73.3996,56.0908,7.1908,52.9316,7.2097
1965-12,1518.0,,15924.9877,540.0,5665.0154,35.0,367.1769,3869.0,40588.7862,1.4,14.6871,,2.8111,2.3943,,75.6098,55.9147,7.1683,53.4283,7.1871
1966-01,1679.0,,17597.4263,540.0,5659.6844,35.0,366.8314,3926.0,41148.0021,1.4,14.6733,,3.1093,2.4989,,83.5503,55.8621,7.1615,54.1644,7.1803
1966-02,1874.0,,19518.7498,540.0,5624.3996,35.0,364.5444,3878.0,40391.5218,1.4,14.5818,,3.4704,2.606,,92.6725,55.5138,7.1169,53.1686,7.1355
1966-03,1875.0,,19468.4781,540.0,5606.9217,35.0,363.4116,3772.0,39165.3863,1.4,14.5365,,3.4722,2.7045,,92.4339,55.3413,7.0947,51.5546,7.1134
1966-04,1907.0,,19739.3995,540.0,5589.552,35.0,362.2858,3763.0,38950.8969,1.4,14.4914,,3.5315,2.7907,,93.7202,55.1699,7.0728,51.2723,7.0913
1966-05,1664.0,,17186.831,540.0,5577.4572,35.0,361.5019,3688.0,38091.9669,1.4,14.4601,,3.0815,2.8347,,81.6009,55.0505,7.0575,50.1416,7.076
1966-06,1696.0,,17501.1172,540.0,5572.2897,35.0,361.1669,3516.0,36281.7973,1.4,14.4467,,3.1407,2.8944,,83.0931,54.9995,7.0509,47.7589,7.0694
1966-07,1568.0,,16145.3747,540.0,5560.2693,35.0,360.3878,3514.0,36182.9379,1.4,14.4155,,2.9037,2.9614,,76.6562,54.8808,7.0357,47.6287,7.0542
1966-08,1195.0,,12229.2969,540.0,5526.2095,35.0,358.1802,3428.0,35081.1966,1.4,14.3272,,2.213,2.9591,,58.0632,54.5447,6.9926,46.1785,7.011
1966-09,1128.0,,11508.3899,540.0,5509.3356,35.0,357.0866,3378.0,34463.9547,1.4,14.2835,,2.0889,2.9282,,54.6404,54.3781,6.9713,45.366,6.9896
1966-10,1275.0,,12968.5548,540.0,5492.5644,35.0,355.9995,3362.0,34196.299,1.4,14.24,,2.3611,2.9086,,61.5731,54.2126,6.95,45.0136,6.9683
1966-11,1302.0,,13231.0998,540.0,5487.5529,35.0,355.6747,3320.0,33738.2883,1.4,14.227,,2.4111,2.8829,,62.8196,54.1631,6.9437,44.4108,6.9619
1966-12,1215.0,,12331.9916,540.0,5480.8852,35.0,355.2426,3336.0,33859.6906,1.4,14.2097,,2.25,2.8361,,58.5507,54.0973,6.9353,44.5706,6.9535
1967-01,1244.0,,12634.0111,540.0,5484.217,35.0,355.4585,3303.0,33545.1274,1.3,13.2027,,2.3037,2.769,,59.9847,54.1302,6.9395,44.1565,6.4607
1967-02,1220.0,,12352.7218,540.0,5467.5982,35.0,354.3814,3309.0,33504.2266,1.3,13.1627,,2.2593,2.6681,,58.6492,53.9662,6.9184,44.1026,6.4411
1967-03,1098.0,,11117.4496,540.0,5467.5982,35.0,354.3814,3318.0,33595.3533,1.3,13.1627,,2.0333,2.5481,,52.7842,53.9662,6.9184,44.2226,6.4411
1967-04,995.0,,10044.1192,540.0,5451.0798,35.0,353.3107,3351.0,33826.9783,1.3,13.123,,1.8426,2.4074,,47.6882,53.8031,6.8975,44.5275,6.4217
1967-05,1036.0,,10457.9975,540.0,5451.0798,35.0,353.3107,3358.0,33897.6404,1.3,13.123,,1.9185,2.3105,,49.6532,53.8031,6.8975,44.6205,6.4217
1967-06,1015.0,,10184.4734,540.0,5418.3405,35.0,351.1887,3367.0,33784.3567,1.3,13.0442,,1.8796,2.2054,,48.3546,53.48,6.8561,44.4714,6.3831
1967-07,997.0,,9973.9104,540.0,5402.118,35.0,350.1373,3362.0,33633.1863,1.3,13.0051,,1.8463,2.1173,,47.3549,53.3199,6.8356,44.2724,6.364
1967-08,1045.0,,10422.8924,540.0,5385.9922,35.0,349.0921,3292.0,32834.6045,1.3,12.9663,,1.9352,2.0941,,49.4866,53.1607,6.8152,43.2212,6.345
1967-09,1060.0,,10541.0375,540.0,5369.9625,35.0,348.0531,3267.0,32488.2731,1.3,12.9277,,1.963,2.0836,,50.0475,53.0025,6.7949,42.7653,6.3261
1967-10,1138.0,,11283.118,540.0,5354.0279,35.0,347.0203,3281.0,32530.6769,1.3,12.8893,,2.1074,2.0625,,53.5708,52.8452,6.7747,42.8211,6.3074
1967-11,1444.0,,14232.6007,540.0,5322.4407,35.0,344.973,3298.0,32506.3138,1.3,12.8133,,2.6741,2.0844,,67.5746,52.5334,6.7348,42.7891,6.2701
1967-12,1324.0,,13011.4542,540.0,5306.7865,35.0,343.9584,3192.0,31369.0045,1.3,12.7756,,2.4519,2.1012,,61.7767,52.3789,6.715,41.292,6.2517
1968-01,1409.0,,13806.1753,540.0,5291.224,36.0,352.7483,3126.0,30630.3081,1.3,12.7381,,2.6093,2.1267,,65.55,52.2253,6.8866,40.3196,6.2334
1968-02,1720.0,,16804.2491,540.0,5275.7526,36.0,351.7168,3111.0,30394.1971,1.3,12.7009,,3.1852,2.2039,,79.7844,52.0726,6.8664,40.0088,6.2151
1968-03,1701.0,,16570.17,540.0,5260.3714,37.0,360.4329,3113.0,30325.0671,1.3,12.6639,,3.15,2.2969,,78.6731,51.9208,7.0366,39.9178,6.197
1968-04,1255.0,,12189.9536,540.0,5245.0797,38.0,369.0982,3106.0,30168.9211,1.3,12.627,,2.3241,2.337,,57.8764,51.7699,7.2058,39.7123,6.179
1968-05,1097.0,,10624.3973,540.0,5229.8765,41.0,397.0832,3084.0,29868.4059,1.3,12.5904,,2.0315,2.3465,,50.4433,51.6198,7.7521,39.3167,6.1611
1968-06,1137.0,,10948.327,562.0,5411.5741,41.0,394.7946,3084.0,29696.2537,1.3,12.5179,,2.0231,2.3584,,51.9813,53.4132,7.7074,39.0901,6.1256
1968-07,1054.0,,10090.9477,562.0,5380.5622,39.0,373.3842,3075.0,29439.909,1.3,12.4461,,1.8754,2.3608,,47.9105,53.1071,7.2894,38.7527,6.0905
1968-08,1056.0,,10081.2096,562.0,5365.1892,39.0,372.3174,3062.0,29231.6892,1.3,12.4106,,1.879,2.3562,,47.8643,52.9554,7.2686,38.4786,6.0731
1968-09,1110.0,,10566.5359,562.0,5349.9038,40.0,380.7761,3071.0,29234.0826,1.3,12.3752,,1.9751,2.3572,,50.1686,52.8045,7.4337,38.4817,6.0558
1968-10,1080.0,,10222.7048,562.0,5319.5927,39.0,369.1532,3111.0,29447.0692,1.3,12.3051,,1.9217,2.3417,,48.5361,52.5053,7.2068,38.7621,6.0215
1968-11,1100.0,,10382.6017,562.0,5304.5656,40.0,377.5492,3320.0,31336.5797,1.3,12.2703,,1.9573,2.282,,49.2953,52.357,7.3707,41.2493,6.0045
1968-12,1185.0,,11122.0572,562.0,5274.7647,41.0,384.8138,3258.0,30578.6179,1.3,12.2014,,2.1085,2.2534,,52.8061,52.0629,7.5126,40.2516,5.9707
1969-01,1256.0,,11755.4212,573.0,5362.9429,42.0,393.0953,3228.0,30212.1812,1.3,12.1672,,2.192,2.2186,,55.8132,52.9332,7.6742,39.7692,5.954
1969-02,1285.0,,11993.2496,584.0,5450.6286,43.0,401.3305,3245.0,30286.4552,1.3,12.1332,,2.2003,2.1365,,56.9424,53.7987,7.835,39.867,5.9374
1969-03,1278.0,,11828.7927,584.0,5405.3325,43.0,397.9954,3243.0,30016.2558,1.3,12.0324,,2.1884,2.0564,,56.1616,53.3516,7.7699,39.5113,5.888
1969-04,1388.0,,12776.1385,584.0,5375.5511,43.0,395.8026,3305.0,30421.569,1.3,11.9661,,2.3767,2.0608,,60.6595,53.0576,7.7271,40.0449,5.8556
1969-05,1392.0,,12777.7569,584.0,5360.7831,43.0,394.7152,3355.0,30796.9644,1.3,11.9332,,2.3836,2.0901,,60.6672,52.9119,7.7059,40.539,5.8395
1969-06,1483.0,,13538.696,584.0,5331.4892,41.0,374.2998,3380.0,30856.9066,1.3,11.868,,2.5394,2.1331,,64.28,52.6227,7.3073,40.6179,5.8076
1969-07,1454.0,,13201.8064,584.0,5302.5137,42.0,381.3452,3439.0,31224.9051,1.3,11.8035,,2.4897,2.1843,,62.6805,52.3367,7.4449,41.1023,5.776
1969-08,1607.0,,14551.4503,584.0,5288.1437,41.0,371.2567,3470.0,31420.9911,1.3,11.7716,,2.7517,2.257,,69.0884,52.1949,7.2479,41.3604,5.7604
1969-09,1579.0,,14220.8315,584.0,5259.6362,41.0,369.2553,3470.0,31251.6057,1.3,11.7081,,2.7038,2.3178,,67.5187,51.9135,7.2088,41.1375,5.7293
1969-10,1554.0,,13920.632,602.0,5392.6773,40.0,358.3174,3534.0,31657.3446,1.3,11.6453,,2.5814,2.3727,,66.0934,53.2267,6.9953,41.6715,5.6986
1969-11,1631.0,,14532.471,606.0,5399.557,37.0,329.6759,3642.0,32450.8027,1.3,11.5832,,2.6914,2.4339,,68.9983,53.2946,6.4361,42.716,5.6682
1969-12,1700.0,,15066.9151,606.0,5370.9121,35.0,310.2012,3818.0,33838.5188,1.3,11.5218,,2.8053,2.492,,71.5358,53.0118,6.0559,44.5427,5.6381
1970-01,1626.0,,14335.0134,606.0,5342.5696,35.0,308.5642,3843.0,33880.3544,1.2,10.5793,,2.6832,2.5329,,68.0608,52.7321,6.024,44.5978,5.177
1970-02,1657.0,,14531.6291,606.0,5314.5246,35.0,306.9445,3768.0,33044.7666,1.2,10.5238,,2.7343,2.5774,,68.9943,52.4553,5.9924,43.4978,5.1498
1970-03,1754.0,,15301.9784,606.0,5286.7725,35.0,305.3416,3796.0,33116.4824,1.2,10.4689,,2.8944,2.6362,,72.6519,52.1814,5.9611,43.5922,5.1229
1970-04,1742.0,,15118.3429,613.0,5320.0598,36.0,312.4342,3849.0,33404.4213,1.2,10.4145,,2.8418,2.675,,71.78,52.5099,6.0995,43.9713,5.0963
1970-05,1598.0,,13832.6772,617.0,5340.9023,36.0,311.6248,3737.0,32348.382,1.2,10.3875,,2.59,2.6922,,65.6758,52.7156,6.0837,42.5812,5.0831
1970-06,1458.0,,12555.7474,617.0,5313.3718,35.0,301.4068,3543.0,30510.9828,1.2,10.3339,,2.363,2.6775,,59.6131,52.4439,5.8842,40.1625,5.0569
1970-07,1367.0,,11741.8272,617.0,5299.7128,35.0,300.632,3499.0,30054.611,1.2,10.3074,,2.2156,2.6546,,55.7487,52.3091,5.8691,39.5618,5.0439
1970-08,1267.0,,10854.9738,617.0,5286.1238,35.0,299.8612,3620.0,31014.2108,1.2,10.281,,2.0535,2.5965,,51.538,52.175,5.8541,40.825,5.031
1970-09,1247.0,,10629.1162,617.0,5259.1537,36.0,306.855,3646.0,31077.5925,1.2,10.2285,,2.0211,2.5396,,50.4657,51.9088,5.9906,40.9084,5.0053
1970-10,1142.0,,9684.7107,617.0,5232.4575,38.0,322.2583,3669.0,31114.8893,1.2,10.1766,,1.8509,2.4787,,45.9818,51.6453,6.2913,40.9575,4.9799
1970-11,1085.0,,9154.8519,617.0,5206.031,37.0,312.1931,3616.0,30510.5479,1.2,10.1252,,1.7585,2.401,,43.4661,51.3844,6.0948,40.162,4.9547
1970-12,1046.0,,8781.4328,617.0,5179.87,37.0,310.6243,3497.0,29358.1936,1.2,10.0743,,1.6953,2.3085,,41.6931,51.1262,6.0642,38.6451,4.9298
1971-01,1010.0,,8457.9526,617.0,5166.8879,38.0,318.22,3466.0,29025.0137,1.6,13.3987,,1.637,2.2213,,40.1573,50.9981,6.2125,38.2065,6.5566
1971-02,1020.0,,8541.6947,617.0,5166.8879,39.0,326.5942,3464.0,29008.2653,1.6,13.3987,,1.6532,2.1312,,40.5549,50.9981,6.376,38.1845,6.5566
1971-03,1144.0,,9556.1466,617.0,5153.9707,39.0,325.7777,3527.0,29462.0009,1.6,13.3652,,1.8541,2.0445,,45.3714,50.8706,6.36,38.7817,6.5402
1971-04,1252.0,,10432.2198,617.0,5141.1179,39.0,324.9653,3563.0,29688.4976,1.6,13.3319,,2.0292,1.9768,,49.5309,50.7437,6.3442,39.0799,6.5239
1971-05,1114.0,,9236.2763,617.0,5115.6036,41.0,339.9348,3521.0,29192.9343,1.6,13.2657,,1.8055,1.9114,,43.8527,50.4919,6.6364,38.4276,6.4916
1971-06,1074.0,,8860.6591,617.0,5090.3414,40.0,330.0059,3448.0,28446.5108,1.6,13.2002,,1.7407,1.8595,,42.0693,50.2426,6.4426,37.445,6.4595
1971-07,1115.0,,9176.2578,617.0,5077.8036,41.0,337.4229,3457.0,28450.514,1.7,13.9907,,1.8071,1.8255,,43.5677,50.1188,6.5874,37.4503,6.8463
1971-08,1098.0,,9014.1484,628.0,5155.6331,43.0,353.0131,3479.0,28561.2223,1.7,13.9563,,1.7484,1.8001,,42.798,50.887,6.8917,37.596,6.8295
1971-09,1056.0,,8648.0965,639.0,5233.0811,42.0,343.9584,3525.0,28867.9357,1.7,13.9221,,1.6526,1.7694,,41.0601,51.6514,6.715,37.9998,6.8128
1971-10,1041.0,,8504.41,639.0,5220.2863,43.0,351.2869,3490.0,28511.4227,1.7,13.8881,,1.6291,1.7509,,40.3779,51.5251,6.858,37.5305,6.7961
1971-11,1014.0,,8263.6301,642.0,5232.0025,43.0,350.4301,3534.0,28800.4623,1.7,13.8542,,1.5794,1.736,,39.2347,51.6408,6.8413,37.9109,6.7795
1971-12,1038.0,,8438.6369,666.0,5414.3855,43.0,349.5774,3671.0,29844.1582,1.7,13.8205,,1.5586,1.7246,,40.0656,53.4409,6.8247,39.2848,6.763
1972-01,1078.0,,8742.5538,670.0,5433.6837,46.0,373.0589,3627.0,29414.882,1.8,14.598,,1.609,1.7222,,41.5085,53.6314,7.2831,38.7197,7.1435
1972-02,1112.0,,8974.7264,670.0,5407.4341,48.0,387.3983,3631.0,29305.0643,1.8,14.5274,,1.6597,1.7228,,42.6109,53.3723,7.563,38.5752,7.109
1972-03,1108.0,,8942.4432,670.0,5407.4341,48.0,387.3983,3790.0,30588.321,1.8,14.5274,,1.6537,1.7061,,42.4576,53.3723,7.563,40.2644,7.109
1972-04,1133.0,,9122.1789,670.0,5394.4041,49.0,394.5161,3845.0,30957.4384,1.8,14.4924,,1.691,1.6779,,43.3109,53.2437,7.702,40.7502,7.0918
1972-05,1106.0,,8883.3867,600.0,4819.1971,55.0,441.7597,3766.0,30248.4939,1.8,14.4576,,1.8433,1.6811,,42.1772,47.5663,8.6243,39.817,7.0748
1972-06,1063.0,,8517.536,567.0,4543.2201,62.0,496.7895,3741.0,29975.6372,1.8,14.4229,,1.8748,1.6922,,40.4402,44.8424,9.6986,39.4579,7.0578
1972-07,1035.0,,8273.3394,538.0,4300.5378,66.0,527.5753,3732.0,29831.9831,1.9,15.1878,,1.9238,1.702,,39.2808,42.4471,10.2996,39.2688,7.4321
1972-08,1047.0,,8349.2878,540.0,4306.2229,67.0,534.2906,3755.0,29944.1982,1.9,15.1515,,1.9389,1.7178,,39.6414,42.5032,10.4307,39.4165,7.4144
1972-09,1061.0,,8420.7361,538.0,4269.8926,65.0,515.8792,3803.0,30182.9024,1.9,15.0795,,1.9721,1.7445,,39.9806,42.1446,10.0713,39.7307,7.3791
1972-10,918.0,,7268.5369,538.0,4259.7744,65.0,514.6568,3759.0,29762.9959,1.9,15.0438,,1.7063,1.7509,,34.5101,42.0447,10.0474,39.178,7.3616
1972-11,1007.0,,7935.6112,540.0,4255.442,63.0,496.4682,3702.0,29173.4189,1.9,14.9729,,1.8648,1.7747,,37.6773,42.002,9.6924,38.4019,7.3269
1972-12,1024.0,,8050.5916,540.0,4245.4292,64.0,503.162,3730.0,29324.9089,1.9,14.9376,,1.8963,1.8028,,38.2232,41.9031,9.823,38.6013,7.3097
1973-01,1119.0,,8756.2667,542.0,4241.1944,65.0,508.6303,3790.0,29657.0607,2.1,16.4327,,2.0646,1.8408,,41.5736,41.8613,9.9298,39.0385,8.0413
1973-02,1244.0,,9666.4875,558.0,4335.9325,74.0,575.0161,4028.0,31299.5272,2.1,16.318,,2.2294,1.8883,,45.8953,42.7964,11.2258,41.2005,7.9852
1973-03,1510.0,,11625.2952,571.0,4396.0553,84.0,646.7052,4288.0,33012.7587,2.1,16.1676,,2.6445,1.9708,,55.1954,43.3898,12.6254,43.4557,7.9116
1973-04,1588.0,,12141.8771,571.0,4365.8765,91.0,695.7877,4270.0,32648.4982,2.4,18.3504,,2.7811,2.0617,,57.6481,43.092,13.5836,42.9762,8.9797
1973-05,1552.0,,11812.5584,582.0,4429.7094,102.0,776.3408,4348.0,33093.4303,2.4,18.2668,,2.6667,2.1303,,56.0845,43.722,15.1562,43.5619,8.9388
1973-06,1749.0,,13221.609,602.0,4550.834,120.0,907.143,4531.0,34252.2073,2.4,18.1429,,2.9053,2.2161,,62.7745,44.9175,17.7098,45.0872,8.8782
1973-07,2021.0,,15277.7998,635.0,4800.2983,120.0,907.143,4963.0,37517.922,2.7,20.4107,,3.1827,2.3211,,72.5371,47.3798,17.7098,49.386,9.9879
1973-08,2123.0,,15763.5581,619.0,4596.1575,107.0,794.4893,5005.0,37162.7923,2.7,20.0479,,3.4297,2.4453,,74.8434,45.3649,15.5105,48.9185,9.8104
1973-09,1936.0,,14311.4517,604.0,4464.9364,103.0,761.4047,5011.0,37042.7089,2.7,19.9592,,3.2053,2.5481,,67.949,44.0697,14.8646,48.7605,9.767
1973-10,2065.0,,15131.1516,622.0,4557.6641,100.0,732.7434,5359.0,39267.7199,4.1,30.0425,,3.3199,2.6825,,71.8408,44.9849,14.3051,51.6893,14.7012
1973-11,2273.0,,16546.4001,650.0,4731.7026,95.0,691.5565,5573.0,40568.8903,4.1,29.8461,,3.4969,2.8185,,78.5602,46.7027,13.501,53.4021,14.6051
1973-12,2244.0,,16194.1677,633.0,4568.1409,107.0,772.1818,6462.0,46634.007,4.1,29.5883,,3.545,2.9559,,76.8879,45.0884,15.075,61.3858,14.4789
1974-01,2032.0,,14507.5682,604.0,4312.289,129.0,921.0021,6504.0,46435.6415,13.0,92.8142,,3.3642,3.0642,,68.8801,42.5631,17.9804,61.1247,45.4183
1974-02,2292.0,,16190.8721,619.0,4372.6657,150.0,1059.6121,7419.0,52408.412,13.0,91.833,,3.7027,3.187,,76.8722,43.159,20.6864,68.9868,44.9382
1974-03,2743.0,,19174.0865,688.0,4809.2495,168.0,1174.3516,8219.0,57452.3575,13.0,90.8724,,3.9869,3.2989,,91.0361,47.4681,22.9264,75.6263,44.4682
1974-04,3032.0,,21062.0622,752.0,5223.836,172.0,1194.8136,9207.0,63957.2581,10.6,73.6339,,4.0319,3.4031,,100.0,51.5602,23.3259,84.1889,36.0325
1974-05,2876.0,,19772.8551,765.0,5259.4694,163.0,1120.6451,9306.0,63979.8989,10.6,72.8763,,3.7595,3.4942,,93.879,51.9119,21.8779,84.2187,35.6618
1974-06,2440.0,,16638.36,756.0,5155.164,154.0,1050.126,9041.0,61650.579,10.6,72.2814,,3.2275,3.521,,78.9968,50.8824,20.5012,81.1526,35.3707
1974-07,1919.0,,13006.0322,761.0,5157.6814,143.0,969.1832,8547.0,57927.3358,10.0,67.7751,,2.5217,3.4659,,61.751,50.9072,18.921,76.2515,33.1655
1974-08,1803.0,,12072.9097,849.0,5684.9142,155.0,1037.8819,8788.0,58844.5537,10.0,66.9601,,2.1237,3.3571,,57.3206,56.1111,20.2622,77.4589,32.7667
1974-09,1461.0,,9647.5374,838.0,5533.632,152.0,1003.7137,9167.0,60533.1794,10.0,66.0338,,1.7434,3.2353,,45.8053,54.6179,19.5951,79.6817,32.3134
1974-10,1399.0,,9165.6719,844.0,5529.5405,159.0,1041.7025,7410.0,48547.2688,10.3,67.4814,,1.6576,3.0968,,43.5174,54.5775,20.3367,63.9043,33.0218
1974-11,1417.0,,9193.4685,842.0,5462.8797,182.0,1180.8125,7403.0,48030.5203,10.3,66.8262,,1.6829,2.9456,,43.6494,53.9196,23.0525,63.2241,32.7012
1974-12,1289.0,,8298.5522,860.0,5536.6601,184.0,1184.5877,7203.0,46372.7475,10.3,66.3112,,1.4988,2.7751,,39.4005,54.6478,23.1262,61.0419,32.4492
1975-01,1211.0,,7736.7618,895.0,5717.9206,176.0,1124.4179,7677.0,49046.342,10.4,66.4429,,1.3531,2.6075,,36.7332,56.4369,21.9516,64.5612,32.5136
1975-02,1267.0,,8048.3646,908.0,5767.8887,180.0,1143.4141,7557.0,48004.334,10.4,66.0639,,1.3954,2.4152,,38.2126,56.9301,22.3224,63.1896,32.3282
1975-03,1344.0,,8505.1527,917.0,5802.9948,178.0,1126.4265,7383.0,46721.3859,10.4,65.8137,,1.4656,2.2051,,40.3814,57.2766,21.9908,61.5008,32.2057
1975-04,1329.0,,8378.4924,897.0,5655.0096,170.0,1071.7409,7130.0,44950.076,10.4,65.5653,,1.4816,1.9926,,39.78,55.8159,20.9232,59.1692,32.0842
1975-05,1254.0,,7890.7773,904.0,5688.4072,167.0,1050.8451,6898.0,43405.5676,10.4,65.4419,,1.3872,1.7949,,37.4644,56.1456,20.5152,57.1361,32.0238
1975-06,1193.0,,7450.809,904.0,5645.8771,164.0,1024.252,6927.0,43262.1577,10.4,64.9526,,1.3197,1.6359,,35.3755,55.7258,19.9961,56.9473,31.7843
1975-07,1222.0,,7561.2608,864.0,5346.096,165.0,1020.9558,6810.0,42137.6317,10.4,64.3512,,1.4144,1.5436,,35.8999,52.7669,19.9317,55.4671,31.49
1975-08,1277.0,,7872.4223,838.0,5166.0845,163.0,1004.8589,6775.0,41766.375,10.4,64.1137,,1.5239,1.4936,,37.3773,50.9902,19.6175,54.9784,31.3738
1975-09,1210.0,,7404.7346,827.0,5060.9219,144.0,881.2246,6559.0,40138.5573,10.4,63.644,,1.4631,1.4703,,35.1567,49.9522,17.2038,52.8356,31.144
1975-10,1179.0,,7175.6002,816.0,4966.3187,143.0,870.323,6347.0,38628.9519,10.5,63.9048,,1.4449,1.4525,,34.0688,49.0184,16.991,50.8485,31.2716
1975-11,1180.0,,7129.7392,814.0,4918.3116,142.0,857.9856,6281.0,37950.7561,10.5,63.4426,,1.4496,1.4331,,33.8511,48.5446,16.7501,49.9558,31.0454
1975-12,1151.0,,6916.9925,838.0,5036.0032,139.0,835.3275,6175.0,37108.9735,10.5,63.1003,,1.3735,1.4227,,32.841,49.7062,16.3078,48.8477,30.8779
1976-01,1193.0,,7143.6968,853.0,5107.7732,131.0,784.4294,6241.0,37371.1751,11.5,68.8621,,1.3986,1.4265,,33.9174,50.4146,15.3141,49.1928,33.6975
1976-02,1219.0,,7286.3272,851.0,5086.6812,131.0,783.0261,6508.0,38900.2603,11.5,68.7389,,1.4324,1.4295,,34.5946,50.2064,15.2867,51.2056,33.6372
1976-03,1329.0,,7929.6446,816.0,4868.766,133.0,793.5611,6903.0,41187.6124,11.5,68.6162,,1.6287,1.4431,,37.6489,48.0556,15.4924,54.2165,33.5771
1976-04,1510.0,,8993.5439,820.0,4883.9112,128.0,762.3666,7123.0,42424.5118,11.5,68.4939,,1.8415,1.4731,,42.7002,48.2051,14.8834,55.8447,33.5173
1976-05,1512.0,,8957.5545,825.0,4887.5545,127.0,752.3872,7449.0,44130.1741,11.5,68.1295,,1.8327,1.5102,,42.5293,48.241,14.6886,58.0899,33.339
1976-06,1550.0,,9134.0926,805.0,4743.8352,126.0,742.5133,7767.0,45770.6433,11.5,67.7691,,1.9255,1.5607,,43.3675,46.8225,14.4958,60.2493,33.1626
1976-07,1647.0,,9654.6273,904.0,5299.2004,118.0,691.7098,8497.0,49808.9668,11.6,67.9986,,1.8219,1.5947,,45.8389,52.304,13.504,65.5651,33.2749
1976-08,1539.0,,8974.3038,939.0,5475.5499,110.0,641.4382,8084.0,47139.8779,11.6,67.6426,,1.639,1.6043,,42.6089,54.0446,12.5225,62.0517,33.1007
1976-09,1459.0,,8463.4918,996.0,5777.6819,114.0,661.3009,7961.0,46180.8488,11.6,67.2903,,1.4649,1.6044,,40.1836,57.0267,12.9103,60.7893,32.9283
1976-10,1285.0,,7415.5153,948.0,5470.7459,116.0,669.4162,7972.0,46005.0489,11.9,68.6729,,1.3555,1.597,,35.2079,53.9972,13.0687,60.5579,33.6049
1976-11,1279.0,,7355.4828,948.0,5451.9137,130.0,747.6253,8122.0,46709.3284,11.9,68.4365,,1.3492,1.5886,,34.9229,53.8113,14.5956,61.4849,33.4892
1976-12,1287.0,,7363.4691,974.0,5572.6643,134.0,766.6704,8400.0,48059.9384,11.9,68.0849,,1.3214,1.5843,,34.9608,55.0032,14.9674,63.2628,33.3172
1977-01,1396.0,,7946.2841,1058.0,6022.3271,132.0,751.3678,9487.0,54001.7172,12.5,71.1523,,1.3195,1.5777,,37.7279,59.4414,14.6687,71.0841,34.8181
1977-02,1426.0,,8034.9208,1078.0,6074.0846,136.0,766.3038,10227.0,57624.9197,12.5,70.4323,,1.3228,1.5685,,38.1488,59.9523,14.9602,75.8535,34.4659
1977-03,1515.0,,8493.4306,1082.0,6065.9353,148.0,829.7213,10373.0,58153.3702,12.5,70.0778,,1.4002,1.5495,,40.3257,59.8718,16.1983,76.5491,34.2924
1977-04,1429.0,,7957.8866,1082.0,6025.4957,149.0,829.7586,9597.0,53444.2534,12.4,69.0537,,1.3207,1.5061,,37.783,59.4727,16.1991,70.3503,33.7912
1977-05,1371.0,,7609.5283,1082.0,6005.4774,147.0,815.9013,9844.0,54637.634,12.4,68.8243,,1.2671,1.459,,36.1291,59.2751,15.9285,71.9212,33.679
1977-06,1312.0,,7245.9483,1102.0,6086.1547,141.0,778.7185,9628.0,53173.773,12.4,68.483,,1.1906,1.3977,,34.4028,60.0714,15.2026,69.9943,33.512
1977-07,1248.0,,6858.4784,1171.0,6435.3191,143.0,785.8673,10417.0,57247.4116,12.6,69.2443,,1.0658,1.3347,,32.5632,63.5177,15.3422,75.3565,33.8845
1977-08,1160.0,,6343.5673,1184.0,6474.8135,145.0,792.9459,11310.0,61849.7809,12.6,68.9043,,0.9797,1.2798,,30.1185,63.9075,15.4804,81.4148,33.7181
1977-09,1195.0,,6513.6467,1184.0,6453.6885,150.0,817.6126,11158.0,60819.4731,12.6,68.6795,,1.0093,1.2418,,30.926,63.699,15.9619,80.0586,33.6081
1977-10,1210.0,,6563.2875,1204.0,6530.7423,159.0,862.4485,12154.0,65925.782,12.7,68.8874,,1.005,1.2126,,31.1617,64.4596,16.8372,86.7801,33.7098
1977-11,1182.0,,6370.0458,1237.0,6666.4524,162.0,873.052,12677.0,68319.0111,12.7,68.443,,0.9555,1.1798,,30.2442,65.7991,17.0442,89.9304,33.4924
1977-12,1261.0,,6763.0689,1261.0,6763.0689,160.0,858.1213,12785.0,68569.259,12.7,68.1134,,1.0,1.153,,32.1102,66.7527,16.7528,90.2598,33.3311
1978-01,1261.0,,6719.9233,1316.0,7013.0207,173.0,921.9244,12121.0,64593.331,12.7,67.6788,,0.9582,1.1229,,31.9053,69.2197,17.9984,85.0262,33.1184
1978-02,1217.0,,6454.5623,1321.0,7006.1437,178.0,944.0527,12150.0,64439.55,12.7,67.3566,,0.9213,1.0894,,30.6454,69.1519,18.4304,84.8238,32.9607
1978-03,1254.0,,6608.8371,1299.0,6845.9964,184.0,969.7177,11422.0,60196.2821,12.7,66.9316,,0.9654,1.0532,,31.3779,67.5712,18.9314,79.2382,32.7528
1978-04,1285.0,,6719.2228,1259.0,6583.2696,175.0,915.0692,11006.0,57550.0123,12.7,66.4079,,1.0207,1.0282,,31.902,64.978,17.8645,75.7549,32.4965
1978-05,1303.0,,6749.9642,1237.0,6408.0627,176.0,911.7373,11704.0,60630.5306,12.7,65.7901,,1.0534,1.0104,,32.048,63.2487,17.7995,79.8098,32.1942
1978-06,1333.0,,6852.2557,1248.0,6415.3152,184.0,945.8478,12357.0,63520.8733,12.7,65.2841,,1.0681,1.0002,,32.5336,63.3203,18.4654,83.6145,31.9466
1978-07,1337.0,,6820.3534,1290.0,6580.5953,189.0,964.1337,12414.0,63326.7517,12.8,65.2958,,1.0364,0.9977,,32.3822,64.9516,18.8224,83.359,31.9523
1978-08,1426.0,,7230.2095,1321.0,6697.8308,206.0,1044.4763,12995.0,65888.1995,12.8,64.8995,,1.0795,1.0061,,34.3281,66.1088,20.3909,86.7307,31.7584
1978-09,1442.0,,7245.3669,1382.0,6943.8954,212.0,1065.1996,13889.0,69785.646,12.8,64.3139,,1.0434,1.0089,,34.4001,68.5375,20.7955,91.861,31.4718
1978-10,1506.0,,7499.274,1425.0,7095.9266,227.0,1130.3687,15256.0,75968.7412,12.9,64.2368,,1.0568,1.0132,,35.6056,70.038,22.0677,100.0,31.4341
1978-11,1481.0,,7331.0816,1394.0,6900.4239,206.0,1019.7183,15036.0,74429.5365,13.2,65.3412,,1.0624,1.0221,,34.807,68.1084,19.9076,97.9739,31.9745
1978-12,1533.0,,7543.7824,1409.0,6933.5873,208.0,1023.553,14154.0,69650.8126,14.5,71.3535,,1.088,1.0295,,35.8169,68.4357,19.9824,91.6835,34.9166
1979-01,1659.0,,8092.3114,1265.0,6170.4484,227.0,1107.2662,13854.0,67577.385,19.0,92.6787,,1.3115,1.0589,,38.4213,60.9034,21.6167,88.9542,45.352
1979-02,1944.0,,9386.5703,1442.0,6962.672,246.0,1187.8067,14526.0,70138.5391,22.0,106.2266,,1.3481,1.0945,,44.5662,68.7228,23.1891,92.3255,51.9817
1979-03,2050.0,,9799.2639,1542.0,7370.9585,242.0,1156.7912,15022.0,71807.0942,23.3,111.377,,1.3294,1.1248,,46.5257,72.7527,22.5836,94.5219,54.502
1979-04,2100.0,,9938.7408,1569.0,7425.6592,239.0,1131.1234,15137.0,71639.3902,23.6,111.6925,,1.3384,1.1513,,47.1879,73.2926,22.0825,94.3011,54.6564
1979-05,1926.0,,9013.1135,1576.0,7375.2165,258.0,1207.3641,15362.0,71889.6418,32.8,153.4944,,1.2221,1.1654,,42.7931,72.7947,23.5709,94.6306,75.112
1979-06,1878.0,,8691.1083,1597.0,7390.6815,279.0,1291.171,16136.0,74675.039,36.5,168.9166,,1.176,1.1743,,41.2643,72.9473,25.207,98.2971,82.6589
1979-07,1814.0,,8302.9265,1534.0,7021.3281,295.0,1350.2554,15781.0,72231.7988,35.0,160.1998,,1.1825,1.1865,,39.4212,69.3017,26.3605,95.0809,78.3933
1979-08,1976.0,,8958.5191,1562.0,7081.5824,301.0,1364.6327,14793.0,67066.4842,35.8,162.3052,,1.265,1.202,,42.5339,69.8965,26.6412,88.2817,79.4235
1979-09,2096.0,,9413.1529,1616.0,7257.469,355.0,1594.3079,15399.0,69157.0332,36.5,163.9218,,1.297,1.2231,,44.6925,71.6325,31.125,91.0335,80.2146
1979-10,2076.0,,9224.1484,1786.0,7935.6112,392.0,1741.7467,16012.0,71145.0209,38.5,171.0644,,1.1624,1.2319,,43.7951,78.3259,34.0034,93.6504,83.7099
1979-11,2090.0,,9188.6025,1833.0,8058.7121,392.0,1723.4125,16361.0,71930.4907,42.0,184.6513,,1.1402,1.2384,,43.6263,79.5409,33.6455,94.6843,90.3586
1979-12,2214.0,,9619.8444,1913.0,8311.9974,455.0,1976.978,16987.0,73808.6254,40.5,175.9728,,1.1573,1.2442,,45.6738,82.0409,38.5958,97.1566,86.1118
1980-01,2601.0,,11141.9837,2055.0,8803.0667,675.0,2891.5183,17013.0,72879.1116,40.0,171.3492,,1.2657,1.2404,,52.9007,86.8878,56.45,95.933,83.8492
1980-02,2918.0,,12341.6995,2131.0,9013.078,665.0,2812.6217,17100.0,72324.5582,38.5,162.836,,1.3693,1.2421,,58.5968,88.9607,54.9097,95.203,79.6833
1980-03,2306.0,,9619.3019,1978.0,8251.0751,554.0,2310.9685,17470.0,72874.7637,38.3,159.7655,,1.1658,1.2285,,45.6712,81.4396,45.1161,95.9273,78.1808
1980-04,2070.0,,8549.4582,1932.0,7979.4943,517.0,2135.2995,17017.0,70283.1548,38.2,157.7726,,1.0714,1.2062,,40.5917,78.759,41.6866,92.5159,77.2056
1980-05,2037.0,,8330.7815,1776.0,7263.3618,514.0,2102.1216,17042.0,69697.191,38.5,157.4546,,1.147,1.2,,39.5535,71.6907,41.0389,91.7446,77.05
1980-06,2006.0,,8124.4459,1669.0,6759.5714,601.0,2434.0937,17224.0,69758.4527,38.0,153.9028,,1.2019,1.2021,,38.5738,66.7182,47.5199,91.8252,75.3119
1980-07,2176.0,,8802.2888,1758.0,7111.408,643.0,2601.044,17091.0,69135.9918,37.4,151.2893,,1.2378,1.2067,,41.7922,70.1908,50.7792,91.0058,74.033
1980-08,2082.0,,8361.307,1784.0,7164.5397,627.0,2518.0305,17018.0,68344.2471,33.6,134.9375,,1.167,1.1986,,39.6984,70.7153,49.1585,89.9636,66.0313
1980-09,2060.0,,8203.9316,1655.0,6591.0227,674.0,2684.199,17308.0,68928.9553,33.4,133.0152,,1.2447,1.1942,,38.9512,65.0546,52.4026,90.7333,65.0906
1980-10,2040.0,,8047.5471,1626.0,6414.3684,661.0,2607.5631,16692.0,65847.8707,37.9,149.5108,,1.2546,1.2019,,38.2087,63.3109,50.9064,86.6776,73.1627
1980-11,2010.0,,7845.8331,1504.0,5870.7129,625.0,2439.6247,15616.0,60955.4871,40.8,159.2587,,1.3364,1.2183,,37.251,57.945,47.6278,80.2376,77.9328
1980-12,1879.0,,7266.5758,1431.0,5534.0447,538.0,2080.5842,14707.0,56875.7479,40.2,155.4637,,1.3131,1.2312,,34.5008,54.622,40.6184,74.8673,76.0757
1981-01,1869.0,,7161.5922,1431.0,5483.2736,557.0,2134.3001,14333.0,54920.8672,40.3,154.4206,,1.3061,1.2346,,34.0023,54.1209,41.6671,72.294,75.5653
1981-02,1801.0,,6838.2947,1452.0,5513.1615,500.0,1898.4716,13633.0,51763.7264,38.7,146.9417,,1.2404,1.2239,,32.4674,54.4159,37.0631,68.1382,71.9055
1981-03,1818.0,,6856.0966,1443.0,5441.8852,499.0,1881.8439,13633.0,51413.182,38.3,144.4381,,1.2599,1.2317,,32.5519,53.7124,36.7385,67.6768,70.6804
1981-04,1821.0,,6828.8726,1369.0,5133.8422,496.0,1860.0334,13365.0,50119.65,37.2,139.5025,,1.3302,1.2532,,32.4226,50.6719,36.3127,65.974,68.2651
1981-05,1742.0,,6488.9209,1297.0,4831.3033,480.0,1787.992,12664.0,47173.1882,35.2,131.1194,,1.3431,1.2696,,30.8086,47.6858,34.9063,62.0955,64.1629
1981-06,1700.0,,6276.4939,1232.0,4548.6121,461.0,1702.0375,12604.0,46534.6644,33.3,122.9454,,1.3799,1.2844,,29.8,44.8956,33.2282,61.255,60.163
1981-07,1682.0,,6142.1677,1175.0,4290.7533,409.0,1493.5473,13358.0,48779.4743,35.1,128.1748,,1.4315,1.3006,,29.1622,42.3505,29.1579,64.2099,62.722
1981-08,1787.0,,6476.0531,1231.0,4461.12,410.0,1485.832,14485.0,52493.3572,35.8,129.7385,,1.4517,1.3243,,30.7475,44.032,29.0073,69.0986,63.4872
1981-09,1710.0,,6137.1,1169.0,4195.4795,444.0,1593.4926,14935.0,53600.9289,35.9,128.8432,,1.4628,1.3425,,29.1382,41.4101,31.1091,70.5566,63.049
1981-10,1666.0,,5959.9812,1140.0,4078.2585,438.0,1566.9098,15113.0,54065.5439,36.5,130.5758,,1.4614,1.3597,,28.2972,40.2531,30.5902,71.1681,63.8969
1981-11,1651.0,,5881.1331,1082.0,3854.2616,413.0,1471.1738,15836.0,56410.4319,37.1,132.1563,,1.5259,1.3755,,27.9229,38.0422,28.7211,74.2548,64.6703
1981-12,1655.0,,5876.5867,1131.0,4015.9635,410.0,1455.8311,15952.0,56642.4837,36.7,130.3146,,1.4633,1.388,,27.9013,39.6383,28.4216,74.5603,63.7691
1982-01,1611.0,,5702.172,1113.0,3939.4894,384.0,1359.1769,16133.0,57103.1295,35.8,126.7149,,1.4474,1.3998,,27.0732,38.8835,26.5347,75.1666,62.0076
1982-02,1598.0,,5638.2401,1088.0,3838.8018,374.0,1319.5881,15993.0,56428.2691,31.6,111.4946,,1.4688,1.4188,,26.7696,37.8896,25.7618,74.2783,54.5596
1982-03,1510.0,,5327.7488,1029.0,3630.6315,330.0,1164.3424,12766.0,45042.4113,29.3,103.3795,,1.4674,1.4361,,25.2955,35.835,22.731,59.2907,50.5885
1982-04,1522.0,,5353.1303,996.0,3503.0997,350.0,1231.0089,12618.0,44379.6311,33.1,116.4183,,1.5281,1.4526,,25.416,34.5762,24.0325,58.4183,56.9689
1982-05,1528.0,,5323.7974,973.0,3390.0882,334.0,1163.7096,12736.0,44374.2692,35.2,122.6425,,1.5704,1.4715,,25.2767,33.4608,22.7186,58.4112,60.0147
1982-06,1300.0,,4478.0443,919.0,3165.6329,315.0,1085.0646,11087.0,38190.8288,34.6,119.1849,,1.4146,1.4744,,21.2612,31.2454,21.1833,50.2718,58.3228
1982-07,1441.0,,4938.2848,958.0,3283.0513,339.0,1161.7478,11317.0,38783.1849,33.7,115.4894,,1.5042,1.4805,,23.4464,32.4043,22.6803,51.0515,56.5144
1982-08,1452.0,,4965.7954,959.0,3279.7506,364.0,1244.8688,12196.0,41709.9455,32.8,112.175,,1.5141,1.4857,,23.577,32.3717,24.3031,54.9041,54.8925
1982-09,1427.0,,4880.2962,960.0,3283.1705,437.0,1494.5266,12676.0,43351.5308,34.3,117.3049,,1.4865,1.4877,,23.171,32.4055,29.1771,57.065,57.4028
1982-10,1461.0,,4976.2017,952.0,3242.5353,422.0,1437.3423,12414.0,42282.3877,35.0,119.2109,,1.5347,1.4938,,23.6264,32.0044,28.0607,55.6576,58.3355
1982-11,1444.0,,4923.318,965.0,3290.1675,415.0,1414.9425,11982.0,40852.629,33.8,115.2411,,1.4964,1.4913,,23.3753,32.4745,27.6234,53.7756,56.3929
1982-12,1473.0,,5037.6148,987.0,3375.5097,445.0,1521.8863,11993.0,41015.6917,31.8,108.755,,1.4924,1.4937,,23.918,33.3169,29.7112,53.9902,53.2189
1983-01,1572.0,,5365.2087,1077.0,3675.7823,481.0,1641.6446,12083.0,41239.0692,30.9,105.4612,,1.4596,1.4948,,25.4733,36.2806,32.0492,54.2843,51.6071
1983-02,1647.0,,5615.4465,1230.0,4193.685,491.0,1674.0645,13034.0,44439.423,29.1,99.2164,,1.339,1.4839,,26.6614,41.3924,32.6821,58.497,48.5513
1983-03,1598.0,,5442.8271,1302.0,4434.6439,420.0,1430.5303,13426.0,45729.2845,28.2,96.0499,,1.2273,1.4639,,25.8419,43.7707,27.9277,60.1949,47.0017
1983-04,1675.0,,5664.6703,1364.0,4612.9017,433.0,1464.3595,13793.0,46646.4462,29.8,100.7804,,1.228,1.4389,,26.8951,45.5302,28.5881,61.4022,49.3166
1983-05,1766.0,,5948.3402,1453.0,4894.076,438.0,1475.2961,13523.0,45548.9265,29.6,99.7004,,1.2154,1.4093,,28.242,48.3054,28.8016,59.9575,48.7881
1983-06,1701.0,,5717.8756,1466.0,4927.928,413.0,1388.2908,13354.0,44889.1889,30.2,101.5167,,1.1603,1.3882,,27.1477,48.6395,27.1031,59.089,49.6769
1983-07,1704.0,,5705.0022,1520.0,5088.9691,403.0,1349.2464,13193.0,44170.2433,30.8,103.1186,,1.1211,1.3562,,27.0866,50.229,26.3408,58.1427,50.4608
1983-08,1640.0,,5474.2741,1604.0,5354.1071,416.0,1388.5964,12826.0,42812.8292,31.1,103.8109,,1.0224,1.3153,,25.9912,52.846,27.109,56.3558,50.7996
1983-09,1561.0,,5195.0049,1614.0,5371.3888,412.0,1371.1352,12755.0,42448.6146,30.4,101.1711,,0.9672,1.272,,24.6652,53.0166,26.7681,55.8764,49.5078
1983-10,1435.0,,4756.726,1566.0,5190.9638,394.0,1306.0279,12751.0,42266.9085,29.9,99.1123,,0.9163,1.2205,,22.5843,51.2357,25.4971,55.6372,48.5003
1983-11,1389.0,,4590.5832,1517.0,5013.6175,382.0,1262.493,12773.0,42214.1965,29.2,96.5047,,0.9156,1.1721,,21.7955,49.4853,24.6472,55.5679,47.2243
1983-12,1415.0,,4662.6762,1549.0,5104.23,388.0,1278.5289,12346.0,40682.2616,29.0,95.5601,,0.9135,1.1238,,22.1378,50.3796,24.9602,53.5513,46.7621
1984-01,1376.0,,4503.0779,1549.0,5069.2352,371.0,1214.1293,12118.0,39657.1935,29.6,96.8685,,0.8883,1.0762,,21.38,50.0342,23.703,52.202,47.4023
1984-02,1430.0,,4656.9915,1491.0,4855.6464,386.0,1257.062,12298.0,40050.1271,29.9,97.3735,,0.9591,1.0445,,22.1108,47.9261,24.5411,52.7192,47.6494
1984-03,1501.0,,4873.9614,1456.0,4727.84,394.0,1279.3743,12406.0,40284.0543,30.1,97.739,,1.0309,1.0282,,23.141,46.6646,24.9767,53.0271,47.8283
1984-04,1533.0,,4958.5946,1370.0,4431.3598,381.0,1232.3709,12445.0,40254.2139,30.1,97.3605,,1.119,1.0191,,23.5428,43.7383,24.0591,52.9879,47.6431
1984-05,1421.0,,4587.4411,1289.0,4161.303,377.0,1217.0762,12583.0,40621.936,29.9,96.5267,,1.1024,1.0097,,21.7806,41.0728,23.7605,53.4719,47.2351
1984-06,1367.0,,4404.6005,1275.0,4108.168,378.0,1217.951,12662.0,40798.1362,29.2,94.0851,,1.0722,1.0023,,20.9125,40.5483,23.7776,53.7038,46.0403
1984-07,1331.0,,4272.1264,1163.0,3732.8948,348.0,1116.9797,12439.0,39925.6053,27.9,89.551,,1.1445,1.0043,,20.2835,36.8443,21.8064,52.5553,43.8215
1984-08,1338.0,,4282.2536,1136.0,3635.7549,348.0,1113.77,12302.0,39372.4096,28.1,89.9337,,1.1778,1.0172,,20.3316,35.8855,21.7437,51.8271,44.0088
1984-09,1294.0,,4129.5656,1012.0,3229.6139,340.0,1085.0481,12091.0,38586.2266,28.4,90.6334,,1.2787,1.0432,,19.6067,31.8769,21.183,50.7922,44.3512
1984-10,1273.0,,4047.0862,1028.0,3268.189,341.0,1084.0977,11745.0,37339.3777,27.8,88.381,,1.2383,1.07,,19.2151,32.2576,21.1644,49.151,43.249
1984-11,1345.0,,4267.8651,1152.0,3655.4503,342.0,1085.2118,11991.0,38049.0486,27.7,87.8958,,1.1675,1.091,,20.2633,36.0799,21.1862,50.0851,43.0116
1984-12,1321.0,,4183.7635,1095.0,3467.9947,320.0,1013.4779,11722.0,37124.9629,27.0,85.5122,,1.2064,1.1154,,19.864,34.2297,19.7857,48.8687,41.8451
1985-01,1359.0,,4295.97,1075.0,3398.2103,303.0,957.8211,11073.0,35003.1463,27.0,85.3504,,1.2642,1.1467,,20.3967,33.5409,18.6992,46.0757,41.766
1985-02,1389.0,,4366.0203,1098.0,3451.3249,299.0,939.8417,10946.0,34406.3775,28.2,88.6406,,1.265,1.1722,,20.7293,34.0652,18.3482,45.2902,43.376
1985-03,1390.0,,4348.7087,1095.0,3425.7813,314.0,982.3702,11211.0,35074.3693,28.1,87.9127,,1.2694,1.1921,,20.6471,33.8131,19.1784,46.1695,43.0198
1985-04,1502.0,,4690.3249,1106.0,3453.7279,327.0,1021.1293,11806.0,36866.8279,27.9,87.1239,,1.358,1.212,,22.2691,34.0889,19.9351,48.5289,42.6338
1985-05,1531.0,,4771.9642,1105.0,3444.1675,316.0,984.9384,11910.0,37122.2035,26.7,83.2211,,1.3855,1.2356,,22.6567,33.9945,19.2286,48.8651,40.724
1985-06,1432.0,,4450.9357,1032.0,3207.6576,317.0,985.2979,12386.0,38498.1076,26.5,82.3672,,1.3876,1.2619,,21.1325,31.6601,19.2356,50.6762,40.3061
1985-07,1475.0,,4576.0745,1012.0,3139.6525,317.0,983.4682,12756.0,39574.5129,26.6,82.5245,,1.4575,1.288,,21.7266,30.9889,19.1999,52.0932,40.3831
1985-08,1420.0,,4397.2754,1019.0,3155.5096,330.0,1021.902,12647.0,39163.6215,27.2,84.2295,,1.3935,1.306,,20.8777,31.1454,19.9502,51.5523,41.2175
1985-09,1366.0,,4222.2289,985.0,3044.5794,323.0,998.3748,12325.0,38095.8795,27.2,84.0737,,1.3868,1.315,,20.0466,30.0505,19.4909,50.1468,41.1412
1985-10,1385.0,,4265.1745,971.0,2990.2415,326.0,1003.9328,12391.0,38158.6841,27.9,85.9194,,1.4264,1.3307,,20.2505,29.5142,19.5994,50.2295,42.0444
1985-11,1370.0,,4199.6282,950.0,2912.1509,322.0,987.0659,9903.0,30356.8742,29.1,89.2038,,1.4421,1.3535,,19.9393,28.7434,19.2701,39.9597,43.6516
1985-12,1391.0,,4244.5317,1039.0,3170.4302,322.0,982.5587,9114.0,27810.6843,25.9,79.0319,,1.3388,1.3646,,20.1525,31.2927,19.1821,36.6081,38.674
1986-01,1418.0,,4311.1716,1119.0,3402.1164,347.0,1054.9905,7910.0,24048.9191,25.8,78.4402,,1.2672,1.3648,,20.4689,33.5795,20.5962,31.6563,38.3845
1986-02,1406.0,,4282.4812,1115.0,3396.1355,339.0,1032.547,7923.0,24132.3602,17.6,53.6072,,1.261,1.3645,,20.3327,33.5205,20.158,31.7662,26.2325
1986-03,1445.0,,4425.4747,1168.0,3577.1311,346.0,1059.6638,7314.0,22399.9462,13.9,42.5703,,1.2372,1.3618,,21.0116,35.3069,20.6874,29.4857,20.8317
1986-04,1435.0,,4411.021,1164.0,3577.9989,340.0,1045.12,5686.0,17478.0944,12.5,38.4235,,1.2328,1.3514,,20.943,35.3155,20.4035,23.007,18.8024
1986-05,1419.0,,4349.8338,1164.0,3568.1512,342.0,1048.3743,5474.0,16780.1201,14.2,43.529,,1.2191,1.3375,,20.6525,35.2183,20.467,22.0882,21.3008
1986-06,1413.0,,4315.6042,1183.0,3613.135,343.0,1047.5954,5378.0,16425.5623,11.9,36.3451,,1.1944,1.3214,,20.4899,35.6623,20.4518,21.6215,17.7854
1986-07,1344.0,,4101.1147,1123.0,3426.7499,348.0,1061.8958,5387.0,16438.0246,9.5,28.9885,,1.1968,1.2997,,19.4716,33.8226,20.731,21.6379,14.1855
1986-08,1303.0,,3972.3786,1129.0,3441.9151,377.0,1149.3375,5404.0,16474.8533,13.7,41.7664,,1.1541,1.2797,,18.8603,33.9723,22.4381,21.6864,20.4383
1986-09,1347.0,,4091.586,1206.0,3663.2908,418.0,1269.6978,5397.0,16393.6819,14.2,43.1333,,1.1169,1.2572,,19.4263,36.1573,24.7878,21.5795,21.1071
1986-10,1317.0,,3993.199,1162.0,3523.2325,424.0,1285.5857,5543.0,16806.6074,13.8,41.8422,,1.1334,1.2328,,18.9592,34.7749,25.098,22.1231,20.4753
1986-11,1303.0,,3943.5932,1132.0,3426.0534,398.0,1204.5665,6092.0,18437.736,14.6,44.1876,,1.1511,1.2086,,18.7237,33.8158,23.5163,24.2702,21.6231
1986-12,1336.0,,4028.872,1133.0,3416.7006,391.0,1179.1085,6428.0,19384.423,15.9,47.9484,,1.1792,1.1953,,19.1286,33.7234,23.0193,25.5163,23.4634
1987-01,1346.0,,4037.1663,1171.0,3512.2747,408.0,1223.7473,6713.0,20134.842,18.4,55.1886,,1.1494,1.1854,,19.168,34.6668,23.8907,26.5041,27.0064
1987-02,1380.0,,4124.3361,1283.0,3834.4371,401.0,1198.4484,6688.0,19988.087,17.3,51.7036,,1.0756,1.17,,19.5818,37.8466,23.3968,26.3109,25.301
1987-03,1466.0,,4365.7402,1367.0,4070.9187,409.0,1217.9998,6632.0,19750.0605,17.9,53.3061,,1.0724,1.1563,,20.728,40.1807,23.7785,25.9976,26.0852
1987-04,1484.0,,4399.7374,1401.0,4153.6604,438.0,1298.5748,6700.0,19864.0435,18.1,53.6626,,1.0592,1.1418,,20.8894,40.9974,25.3516,26.1477,26.2596
1987-05,1520.0,,4494.5055,1412.0,4175.159,460.0,1360.1793,6747.0,19950.2819,18.8,55.5899,,1.0765,1.1299,,21.3393,41.2096,26.5542,26.2612,27.2028
1987-06,1572.0,,4627.7879,1472.0,4333.3994,450.0,1324.7485,6610.0,19459.0829,18.9,55.6394,,1.0679,1.1194,,21.9722,42.7714,25.8625,25.6146,27.227
1987-07,1695.0,,4976.7315,1653.0,4853.4143,451.0,1324.1923,6405.0,18805.8792,19.8,58.1353,,1.0254,1.1051,,23.6289,47.9041,25.8517,24.7548,28.4483
1987-08,1756.0,,5133.2812,1810.0,5291.1383,461.0,1347.6325,6556.0,19165.0292,19.0,55.5423,,0.9702,1.0898,,24.3722,52.2245,26.3093,25.2275,27.1795
1987-09,1811.0,,5275.5993,1746.0,5086.2487,460.0,1340.0197,6406.0,18661.2309,18.4,53.6008,,1.0372,1.0831,,25.0479,50.2022,26.1607,24.5644,26.2294
1987-10,1967.0,,5715.0928,1963.0,5703.4709,465.0,1351.0514,6764.0,19652.7138,18.8,54.6232,,1.002,1.0722,,27.1345,56.2943,26.376,25.8695,26.7297
1987-11,2524.0,,7308.0298,1681.0,4867.1942,468.0,1355.0547,6927.0,20056.5462,17.8,51.5384,,1.5015,1.1014,,34.6976,48.0401,26.4542,26.4011,25.2202
1987-12,2869.0,,8292.5765,1824.0,5272.1016,486.0,1404.7376,6829.0,19738.5865,17.1,49.426,,1.5729,1.1342,,39.3721,52.0366,27.4241,25.9825,24.1864
1988-01,2663.0,,7670.6108,2002.0,5766.6402,477.0,1373.9697,6808.0,19610.0332,16.9,48.6794,,1.3302,1.1493,,36.4191,56.9178,26.8235,25.8133,23.8211
1988-02,2330.0,,6699.8729,2138.0,6147.7804,442.0,1270.963,6690.0,19236.9741,15.8,45.4326,,1.0898,1.1504,,31.8101,60.6797,24.8125,25.3222,22.2323
1988-03,2359.0,,6765.7942,2526.0,7244.7631,444.0,1273.4263,6773.0,19425.4872,14.8,42.4475,,0.9339,1.1389,,32.1231,71.5071,24.8606,25.5704,20.7716
1988-04,2286.0,,6517.2651,2508.0,7150.1753,452.0,1288.6281,6753.0,19252.4458,16.6,47.3257,,0.9115,1.1266,,30.9431,70.5735,25.1574,25.3426,23.1587
1988-05,2448.0,,6961.2995,2988.0,8496.8802,451.0,1282.4943,6778.0,19274.3823,16.4,46.6362,,0.8193,1.1051,,33.0514,83.8657,25.0376,25.3715,22.8213
1988-06,2540.0,,7192.3114,3578.0,10131.5315,451.0,1277.06,7036.0,19923.2688,15.6,44.1733,,0.7099,1.0753,,34.1482,100.0,24.9315,26.2256,21.616
1988-07,2214.0,,6242.7513,2582.0,7280.3902,438.0,1235.0158,7149.0,20157.8272,14.9,42.0131,,0.8575,1.0613,,29.6398,71.8587,24.1107,26.5344,20.559
1988-08,2201.0,,6180.0196,2701.0,7583.9314,431.0,1210.1719,7323.0,20561.6917,15.0,42.1174,,0.8149,1.0484,,29.3419,74.8547,23.6257,27.066,20.61
1988-09,2436.0,,6811.2395,2387.0,6674.2318,413.0,1154.7791,7409.0,20716.122,13.3,37.1878,,1.0205,1.047,,32.3389,65.8758,22.5443,27.2693,18.1977
1988-10,2940.0,,8193.037,2309.0,6434.5995,407.0,1134.2061,7253.0,20212.2781,12.5,34.8343,,1.2733,1.0696,,38.8995,63.5106,22.1427,26.606,17.0461
1988-11,3305.0,,9179.5757,2382.0,6615.9604,420.0,1166.5421,7312.0,20308.9432,13.0,36.1073,,1.3875,1.0601,,43.5835,65.3007,22.7739,26.7333,17.669
1988-12,3499.0,,9686.2002,2503.0,6928.9966,419.0,1159.9079,7337.0,20310.8463,15.2,42.0778,,1.3979,1.0455,,45.9889,68.3904,22.6444,26.7358,20.5906
1989-01,3394.0,,9356.7707,2398.0,6610.9417,404.0,1113.77,7410.0,20428.3062,17.0,46.8666,,1.4153,1.0526,,44.4248,65.2512,21.7437,26.8904,22.934
1989-02,3097.0,,8509.8989,2183.0,5998.4208,388.0,1066.1417,7874.0,21636.0814,16.7,45.8881,,1.4187,1.08,,40.4039,59.2055,20.8139,28.4802,22.4552
1989-03,3264.0,,8924.7429,2074.0,5670.9304,390.0,1066.3755,8761.0,23955.1693,18.7,51.1313,,1.5738,1.1333,,42.3735,55.9731,20.8184,31.5329,25.021
1989-04,3118.0,,8463.2044,2126.0,5770.6134,384.0,1042.2933,10196.0,27675.0583,19.8,53.7432,,1.4666,1.1796,,40.1822,56.957,20.3483,36.4295,26.2991
1989-05,2739.0,,7398.4221,2259.0,6101.8749,371.0,1002.1229,10144.0,27400.3627,18.4,49.701,,1.2125,1.2124,,35.1268,60.2266,19.564,36.0679,24.321
1989-06,2546.0,,6854.9357,1914.0,5153.3178,368.0,990.8155,9936.0,26752.0195,17.5,47.1176,,1.3302,1.2641,,32.5464,50.8642,19.3433,35.2145,23.0569
1989-07,2505.0,,6722.8767,1756.0,4712.7232,375.0,1006.4187,9605.0,25777.737,17.8,47.7713,,1.4265,1.3115,,31.9194,46.5154,19.6479,33.932,23.3768
1989-08,2762.0,,7412.609,1798.0,4825.4421,365.0,979.5808,8716.0,23391.8538,17.1,45.8927,,1.5362,1.3716,,35.1941,47.628,19.124,30.7914,22.4575
1989-09,2884.0,,7721.4247,1718.0,4599.6559,362.0,969.1941,8270.0,22141.5334,17.8,47.6565,,1.6787,1.4264,,36.6603,45.3994,18.9212,29.1456,23.3206
1989-10,2861.0,,7623.1961,1820.0,4849.4292,367.0,977.8794,7922.0,21108.3396,19.0,50.6259,,1.572,1.4513,,36.194,47.8647,19.0908,27.7856,24.7736
1989-11,2591.0,,6876.3576,1736.0,4607.2392,394.0,1045.6522,6837.0,18144.9853,19.2,50.9556,,1.4925,1.4601,,32.6481,45.4743,20.4139,23.8848,24.935
1989-12,2419.0,,6399.5478,1633.0,4320.1577,409.0,1082.0236,6744.0,17841.4843,19.9,52.6461,,1.4813,1.467,,30.3842,42.6407,21.1239,23.4853,25.7622
1990-01,2367.0,,6203.0437,1528.0,4004.3307,410.0,1074.4605,6592.0,17275.2279,21.0,55.0333,,1.5491,1.4782,,29.4513,39.5234,20.9763,22.7399,26.9304
1990-02,2360.0,,6160.5403,1454.0,3795.5193,417.0,1088.5361,6156.0,16069.6128,19.9,51.9469,,1.6231,1.4952,,29.2495,37.4624,21.2511,21.1529,25.4201
1990-03,2626.0,,6822.9238,1567.0,4071.4096,393.0,1021.1002,6271.0,16293.4331,18.5,48.0671,,1.6758,1.5037,,32.3944,40.1855,19.9345,21.4475,23.5215
1990-04,2686.0,,6962.5746,1526.0,3955.6548,374.0,969.4724,6391.0,16566.5727,16.8,43.5485,,1.7602,1.5282,,33.0574,39.043,18.9266,21.8071,21.3103
1990-05,2742.0,,7096.725,1527.0,3952.1149,369.0,955.0297,6325.0,16370.0897,16.7,43.2222,,1.7957,1.5768,,33.6944,39.0081,18.6447,21.5485,21.1507
1990-06,2585.0,,6649.1812,1566.0,4028.092,352.0,905.4204,6096.0,15680.2354,15.7,40.3838,,1.6507,1.6035,,31.5695,39.758,17.6762,20.6404,19.7617
1990-07,2769.0,,7089.7221,1571.0,4022.374,363.0,929.4219,5924.0,15167.7551,17.6,45.0629,,1.7626,1.6315,,33.6611,39.7015,18.1447,19.9658,22.0514
1990-08,2957.0,,7507.7915,1782.0,4524.479,395.0,1002.9008,5905.0,14992.7322,27.1,68.8066,,1.6594,1.6417,,35.646,44.6574,19.5792,19.7354,33.6703
1990-09,3031.0,,7643.4042,2067.0,5212.4436,389.0,980.9582,5707.0,14391.5896,34.1,85.9914,,1.4664,1.6241,,36.2899,51.4477,19.1509,18.9441,42.0797
1990-10,2744.0,,6872.9795,1946.0,4874.2048,381.0,954.3022,6061.0,15181.1693,36.1,90.4208,,1.4101,1.6106,,32.632,48.1093,18.6305,19.9834,44.2471
1990-11,2586.0,,6462.6983,1618.0,4043.5599,382.0,954.66,5981.0,14947.1766,33.0,82.4706,,1.5983,1.6194,,30.6841,39.9106,18.6375,19.6754,40.3568
1990-12,2485.0,,6187.15,1522.0,3789.4738,377.0,938.6542,5615.0,13980.2203,28.0,69.7144,,1.6327,1.632,,29.3758,37.4028,18.325,18.4026,34.1145
1991-01,2449.0,,6074.8836,1515.0,3758.0435,384.0,952.5338,5623.0,13948.1708,23.7,58.7892,,1.6165,1.6376,,28.8428,37.0926,18.5959,18.3604,28.7683
1991-02,2449.0,,6070.377,1505.0,3730.4685,364.0,902.2528,5584.0,13841.1536,19.4,48.0871,,1.6272,1.638,,28.8214,36.8204,17.6143,18.2195,23.5313
1991-03,2410.0,,5973.707,1496.0,3708.1601,363.0,899.7741,5517.0,13675.0796,19.5,48.335,,1.611,1.6326,,28.3624,36.6002,17.5659,18.0009,23.6526
1991-04,2472.0,,6113.7811,1392.0,3442.7117,358.0,885.4101,5560.0,13751.0611,19.3,47.733,,1.7759,1.6339,,29.0275,33.9802,17.2855,18.1009,23.358
1991-05,2306.0,,5682.1983,1296.0,3193.4644,357.0,879.6812,5702.0,14050.2578,19.3,47.557,,1.7793,1.6325,,26.9784,31.5201,17.1737,18.4948,23.2719
1991-06,2219.0,,5451.7404,1275.0,3132.4781,367.0,901.6623,5711.0,14031.0452,18.2,44.7146,,1.7404,1.64,,25.8842,30.9181,17.6028,18.4695,21.881
1991-07,2236.0,,5485.4399,1297.0,3181.8495,368.0,902.7915,5670.0,13909.8588,19.5,47.8381,,1.724,1.6368,,26.0442,31.4054,17.6248,18.31,23.4095
1991-08,2233.0,,5462.039,1256.0,3072.244,356.0,870.7953,5639.0,13793.2995,19.8,48.4319,,1.7779,1.6466,,25.9331,30.3236,17.0002,18.1565,23.7
1991-09,2325.0,,5670.4714,1212.0,2955.9618,349.0,851.1804,5570.0,13584.7421,20.5,49.9977,,1.9183,1.6843,,26.9227,29.1759,16.6173,17.882,24.4662
1991-10,2364.0,,5757.1843,1150.0,2800.6607,359.0,874.2932,5550.0,13516.2321,22.2,54.0649,,2.0557,1.7381,,27.3344,27.643,17.0685,17.7918,26.4565
1991-11,2380.0,,5770.9128,1135.0,2752.095,360.0,872.9112,5506.0,13350.6915,21.3,51.6472,,2.0969,1.7796,,27.3996,27.1637,17.0415,17.5739,25.2734
1991-12,2223.0,,5374.6253,1098.0,2654.6732,362.0,875.2201,5510.0,13321.7208,18.4,44.4863,,2.0246,1.8123,,25.518,26.2021,17.0866,17.5358,21.7693
1992-01,2139.0,,5167.7962,1177.0,2843.6167,354.0,855.2594,5477.0,13232.3607,18.2,43.971,,1.8173,1.829,,24.536,28.067,16.6969,17.4182,21.5171
1992-02,2206.0,,5318.1312,1267.0,3054.4298,354.0,853.4082,5616.0,13538.8145,18.1,43.6347,,1.7411,1.8385,,25.2498,30.1478,16.6608,17.8216,21.3525
1992-03,2227.0,,5349.4589,1280.0,3074.6778,344.0,826.3197,5632.0,13528.5823,17.6,42.2768,,1.7398,1.8493,,25.3986,30.3476,16.1319,17.8081,20.688
1992-04,2215.0,,5309.1834,1317.0,3156.747,339.0,812.5567,5839.0,13995.6306,19.0,45.5415,,1.6819,1.8414,,25.2073,31.1576,15.8632,18.4229,22.2856
1992-05,2217.0,,5302.5657,1307.0,3126.0502,337.0,806.0283,6121.0,14640.0562,19.9,47.5963,,1.6963,1.8345,,25.1759,30.8547,15.7358,19.2712,23.2911
1992-06,2299.0,,5482.9919,1276.0,3043.1917,341.0,813.2667,6619.0,15785.9607,21.2,50.5609,,1.8017,1.8396,,26.0326,30.0368,15.8771,20.7795,24.7418
1992-07,2520.0,,5992.9546,1313.0,3122.5196,353.0,839.4893,6989.0,16620.9364,20.3,48.2766,,1.9193,1.8559,,28.4538,30.8198,16.389,21.8787,23.624
1992-08,2522.0,,5984.9317,1305.0,3096.8818,343.0,813.9697,6780.0,16089.5467,19.8,46.9872,,1.9326,1.8688,,28.4157,30.5668,15.8908,21.1792,22.993
1992-09,2414.0,,5716.4581,1270.0,3007.4158,345.0,816.9752,6643.0,15730.9159,20.3,48.0713,,1.9008,1.8673,,27.141,29.6837,15.9495,20.7071,23.5235
1992-10,2249.0,,5303.1801,1174.0,2768.3119,344.0,811.1578,6017.0,14188.1879,20.3,47.8677,,1.9157,1.8557,,25.1788,27.3237,15.8359,18.6763,23.4239
1992-11,2158.0,,5074.2766,1159.0,2725.2486,335.0,787.7121,5723.0,13456.9438,19.2,45.1465,,1.8619,1.8361,,24.092,26.8987,15.3782,17.7138,22.0923
1992-12,2207.0,,5182.2004,1207.0,2834.1259,335.0,786.605,5756.0,13515.5168,18.2,42.735,,1.8285,1.8197,,24.6044,27.9733,15.3566,17.7909,20.9122
1993-01,2257.0,,5281.0481,1207.0,2824.2025,329.0,769.8116,5901.0,13807.4722,17.4,40.7134,,1.8699,1.8241,,25.0737,27.8754,15.0287,18.1752,19.923
1993-02,2213.0,,5167.239,1202.0,2806.607,329.0,768.1978,5791.0,13521.6815,18.5,43.1965,,1.8411,1.8325,,24.5334,27.7017,14.9972,17.799,21.1381
1993-03,2153.0,,5020.1259,1151.0,2683.7738,330.0,769.4573,5659.0,13195.0267,18.8,43.8357,,1.8705,1.8433,,23.8349,26.4893,15.0218,17.369,21.4509
1993-04,1950.0,,4530.9837,1109.0,2576.8517,342.0,794.6648,5591.0,12991.1434,18.7,43.451,,1.7583,1.8497,,21.5125,25.434,15.5139,17.1006,21.2626
1993-05,1795.0,,4159.259,1124.0,2604.4608,367.0,850.3889,5504.0,12753.5161,18.5,42.867,,1.597,1.8414,,19.7476,25.7065,16.6018,16.7878,20.9768
1993-06,1853.0,,4290.6774,1165.0,2697.5926,372.0,861.3772,5113.0,11839.3056,17.7,40.9849,,1.5906,1.8238,,20.3716,26.6257,16.8163,15.5844,20.0558
1993-07,1927.0,,4455.8508,1202.0,2779.415,392.0,906.4315,4973.0,11499.1935,16.8,38.8471,,1.6032,1.7975,,21.1558,27.4333,17.6959,15.1367,19.0097
1993-08,1947.0,,4492.7697,1172.0,2704.4305,379.0,874.5556,4809.0,11096.9336,16.7,38.5358,,1.6613,1.7749,,21.3311,26.6932,17.0736,14.6072,18.8574
1993-09,1862.0,,4290.7029,1115.0,2569.3522,355.0,818.0449,4494.0,10355.7566,16.0,36.8696,,1.67,1.7557,,20.3717,25.36,15.9704,13.6316,18.042
1993-10,1646.0,,3777.3326,1087.0,2494.5082,364.0,835.3275,4681.0,10742.2199,16.6,38.0946,,1.5143,1.7222,,17.9343,24.6212,16.3078,14.1403,18.6415
1993-11,1630.0,,3730.3666,1040.0,2380.1112,374.0,855.9246,4641.0,10621.2464,15.2,34.7862,,1.5673,1.6977,,17.7113,23.4921,16.7099,13.9811,17.0225
1993-12,1724.0,,3937.4015,1094.0,2498.5599,383.0,874.7244,4778.0,10912.3576,13.6,31.0607,,1.5759,1.6766,,18.6943,24.6612,17.0769,14.3643,15.1995
1994-01,1805.0,,4122.3955,1175.0,2683.5538,387.0,883.8599,4943.0,11289.1971,14.3,32.6594,,1.5362,1.6488,,19.5726,26.4871,17.2552,14.8603,15.9818
1994-02,1866.0,,4250.0917,1270.0,2892.6133,382.0,870.0616,5443.0,12397.2395,13.8,31.4315,,1.4693,1.6178,,20.1789,28.5506,16.9859,16.3189,15.3809
1994-03,1915.0,,4349.8359,1289.0,2927.9052,384.0,872.2386,5405.0,12277.2132,14.0,31.8004,,1.4856,1.5857,,20.6525,28.8989,17.0284,16.1609,15.5614
1994-04,1882.0,,4271.9738,1279.0,2903.217,377.0,855.7567,5386.0,12225.7443,15.2,34.5027,,1.4715,1.5618,,20.2828,28.6553,16.7066,16.0931,16.8838
1994-05,2151.0,,4872.6494,1323.0,2996.9852,381.0,863.0774,5504.0,12468.1832,16.2,36.6978,,1.6259,1.5642,,23.1347,29.5808,16.8495,16.4123,17.9579
1994-06,2364.0,,5340.674,1401.0,3165.0949,386.0,872.039,5509.0,12445.7585,16.8,37.954,,1.6874,1.5723,,25.3568,31.24,17.0245,16.3827,18.5727
1994-07,2458.0,,5534.3261,1492.0,3359.3225,385.0,866.8493,5311.0,11958.0171,17.6,39.6274,,1.6475,1.576,,26.2763,33.1571,16.9232,15.7407,19.3915
1994-08,2406.0,,5395.4308,1455.0,3262.8229,380.0,852.1462,5162.0,11575.733,16.8,37.6738,,1.6536,1.5754,,25.6168,32.2046,16.6361,15.2375,18.4356
1994-09,2506.0,,5608.3877,1569.0,3511.3968,392.0,877.2897,5321.0,11908.3125,15.9,35.5839,,1.5972,1.5693,,26.6279,34.6581,17.127,15.6753,17.4129
1994-10,2548.0,,5698.5662,1698.0,3797.5531,390.0,872.2295,5474.0,12242.5241,16.4,36.6784,,1.5006,1.5682,,27.0561,37.4825,17.0282,16.1152,17.9485
1994-11,2802.0,,6249.9003,1893.0,4222.363,384.0,856.5174,6161.0,13742.1969,17.2,38.3648,,1.4802,1.5609,,29.6737,41.6755,16.7215,18.0893,18.7737
1994-12,2985.0,,6644.777,1878.0,4180.5331,379.0,843.6752,5947.0,13238.3548,16.0,35.6169,,1.5895,1.562,,31.5486,41.2626,16.4707,17.4261,17.429
1995-01,3009.0,,6680.3999,2061.0,4575.7076,379.0,841.4329,6199.0,13762.645,16.6,36.8543,,1.46,1.5557,,31.7177,45.163,16.427,18.1162,18.0346
1995-02,2878.0,,6372.6244,1916.0,4242.5116,377.0,834.7739,5478.0,12129.686,17.1,37.8638,,1.5021,1.5584,,30.2564,41.8743,16.297,15.9667,18.5285
1995-03,2924.0,,6461.6339,1805.0,3988.7993,382.0,844.1669,5532.0,12224.9517,17.0,37.5676,,1.6199,1.5696,,30.679,39.3702,16.4803,16.0921,18.3836
1995-04,2904.0,,6392.0713,1849.0,4069.8829,391.0,860.6405,5872.0,12925.0147,18.7,41.1611,,1.5706,1.5779,,30.3487,40.1705,16.8019,17.0136,20.142
1995-05,2773.0,,6091.6848,1763.0,3872.932,385.0,845.7622,5927.0,13020.3448,18.4,40.4208,,1.5729,1.5734,,28.9225,38.2265,16.5115,17.1391,19.7798
1995-06,2995.0,,6566.4196,1780.0,3902.5799,388.0,850.6747,6671.0,14625.9049,17.4,38.1488,,1.6826,1.573,,31.1765,38.5192,16.6074,19.2525,18.668
1995-07,3076.0,,6735.1701,1860.0,4072.6321,386.0,845.1806,6669.0,14602.3567,15.9,34.8144,,1.6538,1.5736,,31.9777,40.1976,16.5001,19.2215,17.0363
1995-08,3037.0,,6636.7289,1888.0,4125.8295,384.0,839.1518,6992.0,15279.555,16.1,35.1832,,1.6086,1.5698,,31.5103,40.7227,16.3824,20.113,17.2168
1995-09,2916.0,,6363.9843,1761.0,3843.2704,383.0,835.8731,6328.0,13810.457,16.8,36.6649,,1.6559,1.5747,,30.2154,37.9338,16.3184,18.1791,17.9419
1995-10,2814.0,,6125.3722,1674.0,3643.8781,383.0,833.6949,6221.0,13541.5567,16.1,35.0457,,1.681,1.5897,,29.0825,35.9657,16.2759,17.8252,17.1495
1995-11,2977.0,,6471.7501,1654.0,3595.6583,385.0,836.9579,6387.0,13884.8061,16.9,36.7392,,1.7999,1.6164,,30.727,35.4898,16.3396,18.277,17.9782
1995-12,2926.0,,6352.6141,1657.0,3597.4988,387.0,840.2125,6290.0,13656.1663,18.0,39.0796,,1.7658,1.6311,,30.1614,35.5079,16.4031,17.976,19.1235
1996-01,2616.0,,5650.2049,1589.0,3432.0243,399.0,861.7858,6272.0,13546.6686,17.9,38.6616,,1.6463,1.6466,,26.8265,33.8747,16.8243,17.8319,18.9189
1996-02,2538.0,,5471.1257,1592.0,3431.8487,405.0,873.052,6196.0,13356.6173,18.0,38.8023,,1.5942,1.6543,,25.9762,33.873,17.0442,17.5817,18.9878
1996-03,2561.0,,5502.9549,1612.0,3463.7889,396.0,850.906,6196.0,13313.6699,20.0,42.975,,1.5887,1.6517,,26.1273,34.1882,16.6119,17.5252,21.0297
1996-04,2596.0,,5556.7205,1587.0,3396.9628,393.0,841.2139,6481.0,13872.5369,21.0,44.9504,,1.6358,1.6571,,26.3826,33.5286,16.4227,18.2608,21.9963
1996-05,2658.0,,5678.5179,1589.0,3394.7197,392.0,837.4639,6412.0,13698.5164,19.1,40.805,,1.6728,1.6654,,26.9609,33.5065,16.3495,18.0318,19.9678
1996-06,2173.0,,4633.4822,1482.0,3160.0647,385.0,820.9345,6192.0,13203.1854,18.3,39.021,,1.4663,1.6474,,21.9992,31.1904,16.0268,17.3798,19.0948
1996-07,1986.0,,4226.6507,1459.0,3105.0773,383.0,815.1094,6250.0,13301.3933,19.6,41.7132,,1.3612,1.623,,20.0676,30.6477,15.9131,17.509,20.4122
1996-08,2009.0,,4270.1602,1463.0,3109.6288,387.0,822.5744,6110.0,12986.8983,20.6,43.7856,,1.3732,1.6034,,20.2742,30.6926,16.0588,17.0951,21.4264
1996-09,1941.0,,4112.5445,1407.0,2981.1181,383.0,811.4913,6102.0,12928.7721,22.6,47.8843,,1.3795,1.5804,,19.5258,29.4242,15.8424,17.0185,23.4321
1996-10,1961.0,,4141.7882,1336.0,2821.7384,381.0,804.7023,5942.0,12549.9773,24.2,51.1123,,1.4678,1.5626,,19.6647,27.8511,15.7099,16.5199,25.0117
1996-11,2231.0,,4697.2039,1450.0,3052.8667,378.0,795.8508,5992.0,12615.7086,22.6,47.5826,,1.5386,1.5409,,22.3017,30.1323,15.5371,16.6064,23.2844
1996-12,2268.0,,4763.0994,1500.0,3150.198,369.0,774.9487,5836.0,12256.3703,23.9,50.1932,,1.512,1.5197,,22.6146,31.093,15.129,16.1334,24.5619
1997-01,2435.0,,5104.1969,1576.0,3303.5788,355.0,744.1437,5878.0,12321.3426,23.5,49.2602,,1.5451,1.5113,,24.2341,32.6069,14.5276,16.219,24.1053
1997-02,2406.0,,5033.9335,1580.0,3305.7419,347.0,726.0079,5883.0,12308.6579,20.8,43.5186,,1.5228,1.5053,,23.9005,32.6283,14.1736,16.2023,21.2957
1997-03,2421.0,,5062.1474,1632.0,3412.4017,352.0,736.0082,5909.0,12355.3196,19.2,40.1459,,1.4835,1.4965,,24.0344,33.681,14.3688,16.2637,19.6453
1997-04,2391.0,,4996.2928,1561.0,3261.9043,344.0,718.8309,5713.0,11938.0263,17.5,36.5684,,1.5317,1.4879,,23.7218,32.1956,14.0335,15.7144,17.8947
1997-05,2514.0,,5253.3167,1625.0,3395.6402,344.0,718.8309,5711.0,11933.847,19.1,39.9118,,1.5471,1.4774,,24.9421,33.5156,14.0335,15.7089,19.5307
1997-06,2613.0,,5449.9644,1568.0,3270.3958,341.0,711.2277,5566.0,11609.0708,17.6,36.7085,,1.6665,1.4941,,25.8757,32.2794,13.885,15.2814,17.9632
1997-07,2450.0,,5103.6219,1592.0,3316.3127,324.0,674.928,5443.0,11338.373,18.4,38.3292,,1.5389,1.5089,,24.2313,32.7326,13.1764,14.9251,18.7563
1997-08,2251.0,,4677.4184,1711.0,3555.3367,324.0,673.249,5428.0,11278.9992,18.7,38.8573,,1.3156,1.5041,,22.2078,35.0918,13.1436,14.8469,19.0147
1997-09,2107.0,,4367.3326,1611.0,3339.2372,323.0,669.5057,5496.0,11391.9601,18.5,38.3463,,1.3079,1.4981,,20.7355,32.9589,13.0705,14.9956,18.7646
1997-10,2052.0,,4245.4292,1608.0,3326.8275,325.0,672.3998,5561.0,11505.2786,19.9,41.1716,,1.2761,1.4821,,20.1568,32.8364,13.127,15.1448,20.1472
1997-11,1917.0,,3961.2191,1599.0,3304.1155,306.0,632.3073,5658.0,11691.4855,19.0,39.2609,,1.1989,1.4538,,18.8074,32.6122,12.3443,15.3899,19.2122
1997-12,1762.0,,3638.6825,1531.0,3161.6475,289.0,596.81,5514.0,11386.8871,17.0,35.1065,,1.1509,1.4237,,17.276,31.206,11.6513,14.9889,17.1792
1998-01,1688.0,,3481.5625,1486.0,3064.93,289.0,596.0732,5206.0,10737.5678,15.1,31.1443,,1.1359,1.3896,,16.53,30.2514,11.6369,14.1342,15.2404
1998-02,1665.0,,3434.1242,1466.0,3023.6793,297.0,612.5735,5243.0,10813.8817,14.1,29.0818,,1.1357,1.3574,,16.3048,29.8442,11.959,14.2346,14.2311
1998-03,1748.0,,3605.3147,1438.0,2965.9283,296.0,610.511,5477.0,11296.5154,13.1,27.0192,,1.2156,1.3351,,17.1176,29.2742,11.9188,14.87,13.2218
1998-04,1801.0,,3710.0489,1418.0,2921.0713,308.0,634.4781,5715.0,11772.8648,13.4,27.6039,,1.2701,1.3133,,17.6148,28.8315,12.3867,15.497,13.5079
1998-05,1733.0,,3561.1871,1365.0,2804.9743,299.0,614.4229,5875.0,12072.6914,14.4,29.5909,,1.2696,1.2901,,16.9081,27.6856,11.9951,15.8917,14.4802
1998-06,1661.0,,3409.0393,1307.0,2682.489,292.0,599.3013,5970.0,12252.8383,12.1,24.8341,,1.2708,1.2572,,16.1857,26.4766,11.6999,16.1288,12.1525
1998-07,1651.0,,3380.2101,1309.0,2680.0091,293.0,599.8798,5654.0,11575.8375,12.0,24.5685,,1.2613,1.234,,16.0488,26.4522,11.7112,15.2376,12.0225
1998-08,1621.0,,3314.7268,1311.0,2680.8185,284.0,580.7418,5692.0,11639.3736,11.9,24.3339,,1.2365,1.2274,,15.7379,26.4602,11.3376,15.3213,11.9077
1998-09,1648.0,,3367.877,1342.0,2742.5309,289.0,590.6046,5486.0,11211.2701,13.4,27.3844,,1.228,1.2208,,15.9903,27.0693,11.5301,14.7577,13.4005
1998-10,1586.0,,3233.2628,1304.0,2658.3699,296.0,603.4337,5432.0,11073.823,12.6,25.6867,,1.2163,1.2158,,15.3511,26.2386,11.7806,14.5768,12.5697
1998-11,1574.0,,3204.8884,1295.0,2636.8047,294.0,598.6259,5478.0,11153.9891,10.9,22.194,,1.2154,1.2172,,15.2164,26.0257,11.6867,14.6823,10.8605
1998-12,1474.0,,2995.7974,1249.0,2538.5013,292.0,593.4687,5258.0,10686.5012,9.8,19.9178,,1.1801,1.2196,,14.2237,25.0555,11.5861,14.067,9.7467
1999-01,1431.0,1234.5786,2903.1054,1218.0,2470.987,287.0,582.2441,5110.0,10366.7845,11.1,22.5188,,1.1749,1.2229,,13.7836,24.3891,11.3669,13.6461,11.0195
1999-02,1411.0,1259.4841,2862.5309,1187.0,2408.0965,287.0,582.2441,5269.0,10689.3518,10.2,20.693,,1.1887,1.2273,,13.5909,23.7683,11.3669,14.0707,10.1261
1999-03,1378.0,1265.846,2793.8866,1182.0,2396.4978,286.0,579.8633,5360.0,10867.3675,12.5,25.3437,,1.1658,1.2231,,13.265,23.6539,11.3204,14.3051,12.4019
1999-04,1466.0,1369.9654,2952.5982,1278.0,2573.9567,283.0,569.9763,5393.0,10861.7751,15.3,30.815,,1.1471,1.2129,,14.0186,25.4054,11.1274,14.2977,15.0792
1999-05,1511.0,1421.4487,3041.3972,1323.0,2662.9838,276.0,555.5431,5649.0,11370.5182,15.1,30.3938,,1.1421,1.2023,,14.4402,26.2841,10.8456,14.9674,14.8731
1999-06,1422.0,1370.3382,2862.2547,1315.0,2646.8811,261.0,525.3505,5266.0,10599.6015,15.8,31.8028,,1.0814,1.1865,,13.5896,26.1252,10.2562,13.9526,15.5626
1999-07,1640.0,1581.4851,3287.1916,1404.0,2814.1567,256.0,513.1226,5230.0,10482.9342,19.0,38.0833,,1.1681,1.1787,,15.6072,27.7762,10.0175,13.799,18.636
1999-08,1648.0,1553.984,3295.3195,1431.0,2861.4091,257.0,513.8939,5230.0,10457.8404,20.2,40.3917,,1.1516,1.1716,,15.6458,28.2426,10.0325,13.766,19.7655
1999-09,1750.0,1667.143,3484.6797,1492.0,2970.9383,265.0,527.6801,5343.0,10639.2249,22.4,44.6039,,1.1729,1.167,,16.5448,29.3237,10.3017,14.0047,21.8268
1999-10,1724.0,1610.312,3426.7807,1474.0,2929.8578,311.0,618.1722,5431.0,10795.1544,22.0,43.7292,,1.1696,1.1632,,16.2699,28.9182,12.0683,14.21,21.3988
1999-11,1728.0,1673.1216,3428.6126,1473.0,2922.6542,293.0,581.3562,5842.0,11591.4092,24.6,48.8101,,1.1731,1.1596,,16.2786,28.8471,11.3496,15.2581,23.8851
1999-12,1765.0,1745.7962,3493.7276,1554.0,3076.0638,283.0,560.1841,5721.0,11324.428,25.6,50.6739,,1.1358,1.1559,,16.5878,30.3613,10.9363,14.9067,24.7971
2000-01,1844.0,1820.156,3639.3241,1680.0,3315.6532,284.0,560.5033,5928.0,11699.519,25.4,50.1295,,1.0976,1.1495,,17.279,32.7261,10.9425,15.4004,24.5307
2000-02,1801.0,1831.4013,3539.8231,1670.0,3282.3457,300.0,589.6429,5642.0,11089.2182,27.7,54.4437,,1.0784,1.1403,,16.8066,32.3973,11.5114,14.5971,26.6419
2000-03,1739.0,1803.3807,3397.9755,1577.0,3081.4303,286.0,558.839,5458.0,10664.8362,27.5,53.7345,,1.1027,1.135,,16.1332,30.4143,10.91,14.0385,26.2948
2000-04,1679.0,1776.9076,3282.6562,1457.0,2848.6183,280.0,547.4352,5384.0,10526.3973,22.5,43.9903,,1.1524,1.1355,,15.5856,28.1164,10.6874,13.8562,21.5265
2000-05,1786.0,1971.52,3485.7358,1467.0,2863.1436,275.0,536.7174,5451.0,10638.7154,27.3,53.2814,,1.2175,1.1418,,16.5498,28.2597,10.4781,14.0041,26.0731
2000-06,1753.0,1844.2925,3401.4613,1506.0,2922.191,286.0,554.9446,5457.0,10588.5765,29.7,57.6289,,1.164,1.1486,,16.1497,28.8425,10.834,13.9381,28.2005
2000-07,1799.0,1916.6844,3480.6119,1564.0,3025.9461,282.0,545.599,5344.0,10339.2939,28.5,55.1403,,1.1503,1.1472,,16.5255,29.8666,10.6515,13.6099,26.9828
2000-08,1856.0,2051.9624,3590.8925,1528.0,2956.2951,274.0,530.121,5305.0,10263.8388,29.4,56.8816,,1.2147,1.1524,,17.0491,29.1792,10.3493,13.5106,27.8348
2000-09,1960.0,2254.1691,3772.4468,1601.0,3081.4731,274.0,527.3727,5474.0,10535.9049,32.6,62.7458,,1.2242,1.1567,,17.9111,30.4147,10.2957,13.8687,30.7045
2000-10,1899.0,2227.566,3648.7336,1500.0,2882.096,270.0,518.7773,5282.0,10148.8208,30.9,59.3712,,1.266,1.1647,,17.3237,28.4468,10.1279,13.3592,29.0531
2000-11,1795.0,2098.9242,3442.9687,1474.0,2827.2623,266.0,510.2115,5270.0,10108.3259,32.5,62.3379,,1.2178,1.1684,,16.3468,27.9056,9.9607,13.3059,30.5049
2000-12,1851.0,2060.5588,3542.2479,1565.0,2994.9314,271.0,518.6111,5234.0,10016.2752,25.1,48.0337,,1.1827,1.1724,,16.8181,29.5605,10.1246,13.1847,23.5052
2001-01,1788.0,1906.9966,3402.1995,1616.0,3074.9185,265.0,504.241,5171.0,9839.3588,25.6,48.7116,,1.1064,1.1731,,16.1532,30.35,9.8441,12.9519,23.8369
2001-02,1766.0,1918.5225,3352.7008,1604.0,3045.1484,262.0,497.3996,5122.0,9723.9715,27.4,52.0181,,1.101,1.175,,15.9182,30.0562,9.7105,12.8,25.4549
2001-03,1739.0,1914.5657,3299.5673,1509.0,2863.1668,263.0,499.0145,5046.0,9574.2477,24.4,46.2964,,1.1524,1.1791,,15.6659,28.26,9.7421,12.6029,22.655
2001-04,1664.0,1864.4258,3151.8933,1497.0,2835.5675,260.0,492.4833,4949.0,9374.2308,25.6,48.4907,,1.1116,1.1757,,14.9648,27.9876,9.6146,12.3396,23.7288
2001-05,1682.0,1921.6269,3169.8158,1539.0,2900.3249,272.0,512.598,4945.0,9319.1077,28.5,53.7097,,1.0929,1.1653,,15.0499,28.6267,10.0072,12.267,26.2827
2001-06,1608.0,1885.1114,3023.5377,1466.0,2756.5337,270.0,507.6836,4828.0,9078.1343,27.7,52.0846,,1.0969,1.1597,,14.3554,27.2075,9.9113,11.9498,25.4874
2001-07,1525.0,1770.1683,2872.3212,1416.0,2667.0208,268.0,504.7751,4351.0,8195.0619,24.5,46.1455,,1.077,1.1536,,13.6374,26.324,9.8545,10.7874,22.5812
2001-08,1464.0,1624.1402,2757.4283,1377.0,2593.5648,272.0,512.3091,3896.0,7338.0743,25.7,48.4057,,1.0632,1.141,,13.0919,25.5989,10.0016,9.6593,23.6872
2001-09,1426.0,1564.6259,2675.2993,1345.0,2523.3363,283.0,530.9325,3695.0,6932.1395,25.5,47.8402,,1.0602,1.1273,,12.702,24.9058,10.3652,9.125,23.4105
2001-10,1377.0,1521.547,2590.6441,1283.0,2413.7955,283.0,532.4272,3751.0,7057.0123,20.5,38.568,,1.0733,1.1113,,12.3,23.8246,10.3944,9.2894,18.8732
2001-11,1428.0,1607.565,2688.1074,1327.0,2497.9822,276.0,519.5502,4042.0,7608.7747,18.9,35.5779,,1.0761,1.0995,,12.7628,24.6555,10.143,10.0157,17.4099
2001-12,1472.0,1651.7056,2772.4962,1345.0,2533.2931,276.0,519.843,4019.0,7569.7435,18.6,35.0329,,1.0944,1.0921,,13.1635,25.004,10.1487,9.9643,17.1432
2002-01,1504.0,1702.8986,2827.9855,1369.0,2574.1437,282.0,530.2473,3862.0,7261.7553,19.5,36.666,,1.0986,1.0915,,13.4269,25.4073,10.3518,9.5589,17.9424
2002-02,1562.0,1793.9589,2932.0934,1369.0,2569.8053,296.0,555.6336,3731.0,7003.611,20.3,38.106,,1.141,1.0948,,13.9212,25.3644,10.8474,9.2191,18.647
2002-03,1605.0,1830.9377,3004.3712,1405.0,2629.9947,294.0,550.3334,3843.0,7193.6439,23.7,44.3636,,1.1423,1.094,,14.2644,25.9585,10.7439,9.4692,21.7092
2002-04,1590.0,1794.5824,2963.0133,1370.0,2553.0366,303.0,564.6497,4024.0,7498.8463,25.7,47.8927,,1.1606,1.098,,14.068,25.1989,11.0234,9.871,23.4362
2002-05,1596.0,1740.458,2970.8806,1343.0,2499.9328,314.0,584.4966,4150.0,7725.0343,25.4,47.2809,,1.1884,1.106,,14.1054,24.6748,11.4109,10.1687,23.1368
2002-06,1648.0,1723.6691,3065.9682,1354.0,2519.0054,321.0,597.194,4286.0,7973.7498,24.1,44.8361,,1.2171,1.116,,14.5568,24.863,11.6588,10.4961,21.9404
2002-07,1589.0,1599.3961,2949.6342,1338.0,2483.7071,313.0,581.0167,4331.0,8039.5631,25.8,47.8921,,1.1876,1.1252,,14.0045,24.5146,11.343,10.5827,23.4359
2002-08,1480.0,1513.1377,2739.6891,1292.0,2391.6745,310.0,573.8538,3834.0,7097.2756,26.6,49.2404,,1.1455,1.1321,,13.0077,23.6062,11.2031,9.3424,24.0956
2002-09,1479.0,1508.2602,2733.2951,1301.0,2404.3387,319.0,589.5342,3957.0,7312.8118,28.3,52.3004,,1.1368,1.1385,,12.9773,23.7312,11.5092,9.6261,25.593
2002-10,1484.0,1512.4338,2736.4813,1311.0,2417.471,317.0,584.5449,4242.0,7822.2059,27.5,50.7097,,1.132,1.1434,,12.9925,23.8609,11.4118,10.2966,24.8147
2002-11,1582.0,1579.9461,2912.3705,1372.0,2525.7726,319.0,587.2605,4230.0,7787.1853,24.2,44.5508,,1.1531,1.1498,,13.8276,24.9298,11.4649,10.2505,21.8008
2002-12,1596.0,1565.6268,2933.2952,1375.0,2527.1184,332.0,610.1842,4237.0,7787.2005,28.5,52.3803,,1.1607,1.1553,,13.9269,24.9431,11.9124,10.2505,25.6321
2003-01,1648.0,1551.4969,3015.5963,1378.0,2521.5362,357.0,653.2572,4436.0,8117.2241,31.2,57.0914,,1.1959,1.1634,,14.3177,24.888,12.7533,10.685,27.9375
2003-02,1684.0,1561.4279,3064.6874,1422.0,2587.8774,359.0,653.3389,4571.0,8318.6972,32.6,59.3283,,1.1842,1.167,,14.5507,25.5428,12.7549,10.9502,29.0321
2003-03,1659.0,1536.5379,3014.265,1389.0,2523.6974,341.0,619.5686,4605.0,8366.9019,30.3,55.0526,,1.1944,1.1714,,14.3113,24.9093,12.0956,11.0136,26.9398
2003-04,1587.0,1461.0569,2894.4645,1332.0,2429.3804,328.0,598.2258,4566.0,8327.741,25.0,45.5965,,1.1914,1.1739,,13.7426,23.9784,11.6789,10.9621,22.3125
2003-05,1648.0,1426.099,3010.65,1398.0,2553.9373,356.0,650.3589,4737.0,8653.7919,25.8,47.1327,,1.1788,1.1731,,14.2942,25.2078,12.6967,11.3913,23.0643
2003-06,1687.0,1445.0917,3078.5308,1410.0,2573.0459,356.0,649.6485,4695.0,8567.6955,27.5,50.1835,,1.1965,1.1714,,14.6165,25.3964,12.6828,11.2779,24.5572
2003-07,1710.0,1504.6194,3110.3103,1436.0,2611.9331,351.0,638.4321,4739.0,8619.7431,28.4,51.6566,,1.1908,1.1717,,14.7674,25.7802,12.4639,11.3464,25.278
2003-08,1760.0,1577.7678,3187.3743,1456.0,2636.8278,360.0,651.9629,4823.0,8734.4922,29.8,53.968,,1.2088,1.177,,15.1332,26.026,12.728,11.4975,26.4091
2003-09,1790.0,1588.7104,3231.1966,1416.0,2556.0751,379.0,684.1472,4912.0,8866.8367,27.1,48.9192,,1.2641,1.1876,,15.3413,25.2289,13.3563,11.6717,23.9385
2003-10,1921.0,1639.918,3471.4205,1474.0,2663.6511,379.0,684.8872,5237.0,9463.732,29.6,53.4899,,1.3033,1.2018,,16.4819,26.2907,13.3708,12.4574,26.1751
2003-11,2055.0,1754.9103,3711.5633,1508.0,2723.6192,390.0,704.3843,5363.0,9686.1868,28.8,52.0161,,1.3627,1.2193,,17.622,26.8826,13.7514,12.7502,25.4539
2003-12,2201.0,1789.7219,3964.5409,1555.0,2800.9364,407.0,733.1068,6058.0,10911.9439,29.9,53.8572,,1.4154,1.2405,,18.8231,27.6457,14.3122,14.3637,26.3549
2004-01,2424.0,1918.025,4347.4694,1606.0,2880.3778,414.0,742.5133,6485.0,11630.9154,31.2,55.9575,,1.5093,1.2667,,20.6412,28.4298,14.4958,15.3101,27.3826
2004-02,2760.0,2183.5443,4939.4834,1686.0,3017.3801,405.0,724.8155,6673.0,11942.454,30.9,55.3007,,1.637,1.3044,,23.452,29.7821,14.1503,15.7202,27.0613
2004-03,3009.0,2454.1228,5373.598,1656.0,2957.354,407.0,726.8376,7620.0,13608.1145,33.8,60.3615,,1.817,1.3563,,25.5132,29.1896,14.1898,17.9128,29.5377
2004-04,2949.0,2459.7548,5258.0166,1730.0,3084.5605,403.0,718.5421,8956.0,15968.3951,33.4,59.5516,,1.7046,1.399,,24.9644,30.4452,14.0278,21.0197,29.1414
2004-05,2734.0,2278.3333,4853.9541,1623.0,2881.4804,384.0,681.7551,9459.0,16793.5448,37.9,67.2878,,1.6845,1.4412,,23.046,28.4407,13.3096,22.1059,32.9271
2004-06,2687.0,2212.2509,4752.8322,1678.0,2968.088,392.0,693.3793,9205.0,16282.0321,35.2,62.2626,,1.6013,1.4749,,22.5658,29.2956,13.5366,21.4325,30.468
2004-07,2808.0,2289.2549,4961.6068,1709.0,3019.7244,398.0,703.2477,9044.0,15980.3319,38.4,67.851,,1.6431,1.5126,,23.5571,29.8052,13.7292,21.0354,33.2027
2004-08,2846.0,2334.5091,5026.0932,1692.0,2988.106,401.0,708.1741,9022.0,15933.0332,43.0,75.9389,,1.682,1.552,,23.8633,29.4931,13.8254,20.9731,37.1605
2004-09,2895.0,2368.2919,5096.466,1724.0,3034.9939,405.0,712.9771,9020.0,15879.1445,43.4,76.403,,1.6792,1.5866,,24.1974,29.9559,13.9192,20.9022,37.3876
2004-10,3012.0,2408.2514,5274.6466,1820.0,3187.2035,420.0,735.5085,9045.0,15839.7007,49.8,87.2103,,1.6549,1.6159,,25.0434,31.4583,14.359,20.8503,42.6761
2004-11,3123.0,2402.8622,5443.3548,1814.0,3161.7821,439.0,765.1722,9070.0,15808.9106,43.1,75.1228,,1.7216,1.6458,,25.8444,31.2073,14.9382,20.8098,36.7611
2004-12,3145.0,2345.9645,5481.7005,1849.0,3222.7867,442.0,770.4012,8554.0,14909.5283,39.6,69.0224,,1.7009,1.6696,,26.0264,31.8095,15.0402,19.6259,33.7759
2005-01,3170.0,2415.6062,5528.159,1834.0,3198.3103,424.0,739.4131,7736.0,13490.8007,44.3,77.2547,,1.7285,1.6879,,26.247,31.5679,14.4353,17.7584,37.8044
2005-02,3254.0,2500.5763,5651.0513,1883.0,3270.1074,423.0,734.6019,8089.0,14047.7425,45.6,79.1911,,1.7281,1.6955,,26.8305,32.2765,14.3413,18.4915,38.7519
2005-03,3379.0,2562.7607,5846.8599,1980.0,3426.0973,434.0,750.9728,8407.0,14547.0705,53.1,91.8817,,1.7066,1.6863,,27.7601,33.8162,14.6609,19.1488,44.962
2005-04,3394.0,2622.2669,5854.6237,1894.0,3267.1353,429.0,740.0217,8144.0,14048.3369,51.9,89.5271,,1.792,1.6936,,27.797,32.2472,14.4472,18.4923,43.8098
2005-05,3249.0,2558.8722,5607.3947,1744.0,3009.9404,422.0,728.3227,8125.0,14022.8015,48.7,84.0505,,1.863,1.7084,,26.6232,29.7086,14.2188,18.4586,41.1299
2005-06,3524.0,2899.2184,6078.8727,1731.0,2985.9616,431.0,743.4717,7619.0,13142.716,54.3,93.6671,,2.0358,1.7446,,28.8617,29.472,14.5145,17.3002,45.8357
2005-07,3614.0,3001.4118,6195.7385,1779.0,3049.8668,424.0,726.8935,7169.0,12290.3291,57.6,98.7478,,2.0315,1.777,,29.4166,30.1027,14.1909,16.1781,48.3219
2005-08,3798.0,3089.0606,6471.3388,1868.0,3182.8491,438.0,746.2997,7189.0,12249.1982,64.1,109.2188,,2.0332,1.8063,,30.7251,31.4153,14.5697,16.124,53.4459
2005-09,3858.0,3153.5066,6484.2927,1840.0,3092.5606,456.0,766.4172,6784.0,11402.1363,63.0,105.8866,,2.0967,1.8411,,30.7866,30.5241,14.9625,15.009,51.8153
2005-10,4060.0,3377.1419,6813.5201,1929.0,3237.2612,470.0,788.7573,6423.0,10779.1231,58.5,98.1751,,2.1047,1.8785,,32.3497,31.9523,15.3986,14.1889,48.0417
2005-11,4269.0,3621.1723,7200.4303,2051.0,3459.3775,477.0,804.5456,6160.0,10389.9392,55.5,93.6107,,2.0814,1.9085,,34.1867,34.1447,15.7068,13.6766,45.8081
2005-12,4577.0,3858.8652,7719.9272,2247.0,3789.9665,510.0,860.206,6714.0,11324.3591,56.7,95.6347,,2.0369,1.9365,,36.6532,37.4076,16.7935,14.9066,46.7985
2006-01,4734.0,3904.0079,7936.6591,2378.0,3986.7713,550.0,922.0876,7051.0,11821.1625,63.6,106.6269,100.0,1.9907,1.9584,,37.6823,39.3501,18.0016,15.5606,52.1775
2006-02,4982.0,4172.5293,8348.248,2455.0,4113.7994,555.0,930.0035,7826.0,13113.8877,59.9,100.3734,100.2112,2.0293,1.9835,,39.6364,40.6039,18.1561,17.2622,49.1174
2006-03,5103.0,4242.6006,8538.1597,2429.0,4064.1172,557.0,931.9528,7940.0,13284.9281,62.3,104.2382,100.4281,2.1009,2.0163,,40.5381,40.1136,18.1941,17.4874,51.0086
2006-04,6388.0,5204.9214,10634.9219,2621.0,4363.5145,611.0,1017.21,8853.0,14738.7232,70.4,117.2039,99.7435,2.4372,2.0701,,50.4933,43.0687,19.8586,19.401,57.3534
2006-05,8046.0,6302.1853,13355.2808,2861.0,4748.8763,675.0,1120.4095,8837.0,14668.2347,70.2,116.5226,97.5118,2.8123,2.1492,,63.4092,46.8722,21.8733,19.3083,57.02
2006-06,7198.0,5685.1749,11918.1117,2477.0,4101.3007,596.0,986.8289,7896.0,13073.8274,68.9,114.0814,98.6927,2.9059,2.2217,,56.5857,40.4806,19.2655,17.2095,55.8254
2006-07,7712.0,6081.5393,12699.9422,2513.0,4138.3499,634.0,1044.0565,8419.0,13864.2134,73.9,121.6968,98.4387,3.0688,2.3082,,60.2977,40.8462,20.3827,18.2499,59.552
2006-08,7696.0,6007.8064,12617.626,2460.0,4033.1809,633.0,1037.8063,8502.0,13939.0665,73.6,120.6675,97.7138,3.1285,2.3995,,59.9069,39.8082,20.2607,18.3484,59.0483
2006-09,7602.0,5975.4756,12524.9697,2473.0,4074.487,598.0,985.2581,9039.0,14892.5548,62.8,103.4686,97.9814,3.074,2.4809,,59.467,40.2159,19.2348,19.6035,50.632
2006-10,7500.0,5944.3608,12411.9985,2655.0,4393.8475,586.0,969.7908,9768.0,16165.3869,58.4,96.6481,98.3157,2.8249,2.5409,,58.9306,43.368,18.9328,21.279,47.2945
2006-11,7029.0,5453.9106,11626.7663,2703.0,4471.0698,628.0,1038.7835,10079.0,16671.8136,58.5,96.7657,97.5133,2.6004,2.5842,,55.2024,44.1302,20.2798,21.9456,47.352
2006-12,6675.0,5054.9034,10981.4103,2814.0,4629.4664,630.0,1036.4477,11159.0,18358.2857,62.3,102.4932,96.7951,2.3721,2.6121,,52.1383,45.6936,20.2342,24.1656,50.1547
2007-01,5670.0,4363.8882,9312.5772,2809.0,4613.5854,631.0,1036.3732,11362.0,18661.2879,54.3,89.1839,97.8338,2.0185,2.6144,,44.2149,45.5369,20.2327,24.5644,43.6419
2007-02,5676.0,4339.4495,9286.4158,2832.0,4633.3914,665.0,1087.9962,12933.0,21159.4813,57.8,94.5657,97.4764,2.0042,2.6123,,44.0907,45.7324,21.2405,27.8529,46.2754
2007-03,6452.0,4870.9044,10501.4088,2762.0,4495.4884,655.0,1066.0916,13893.0,22612.5345,62.1,101.0752,97.0118,2.336,2.6319,,49.8594,44.3713,20.8129,29.7656,49.4609
2007-04,7766.0,5747.0584,12602.2872,2815.0,4568.0451,679.0,1101.8482,14053.0,22804.5251,67.4,109.3734,95.6322,2.7588,2.6587,,59.8341,45.0874,21.5109,30.0183,53.5216
2007-05,7681.0,5682.0536,12413.0503,2793.0,4513.6896,667.0,1077.9201,14140.0,22851.2604,67.5,109.0849,94.7225,2.7501,2.6535,,58.9356,44.5509,21.0438,30.0798,53.3804
2007-06,7474.0,5568.8846,12050.6051,2677.0,4316.2256,656.0,1057.6929,14100.0,22733.9486,71.3,114.9596,94.4449,2.7919,2.644,,57.2147,42.6019,20.6489,29.9254,56.2551
2007-07,7973.0,5808.6842,12832.312,2732.0,4397.0747,665.0,1070.2982,14738.0,23720.383,77.2,124.2512,93.2059,2.9184,2.6315,,60.9262,43.3999,20.895,31.2239,60.8019
2007-08,7514.0,5514.4577,12089.8377,2516.0,4048.181,665.0,1069.9683,15174.0,24414.5858,70.8,113.9154,93.7603,2.9865,2.6196,,57.401,39.9563,20.8886,32.1377,55.7442
2007-09,7649.0,5498.9216,12255.1176,2391.0,3830.8258,713.0,1142.3583,15023.0,24069.6342,77.1,123.5285,92.4366,3.1991,2.6301,,58.1857,37.8109,22.3018,31.6836,60.4483
2007-10,8008.0,5626.3613,12790.865,2442.0,3900.511,755.0,1205.932,16071.0,25669.5793,82.9,132.4129,90.4002,3.2793,2.6679,,60.7294,38.4987,23.5429,33.7897,64.7959
2007-11,6967.0,4744.9431,11041.3438,2507.0,3973.1088,806.0,1277.3537,16692.0,26453.5827,92.5,146.5946,89.053,2.779,2.6828,,52.4229,39.2153,24.9373,34.8217,71.7356
2007-12,6588.0,4525.0361,10410.5324,2382.0,3764.0996,803.0,1268.9219,16263.0,25699.2242,91.5,144.5907,90.005,2.7657,2.7156,,49.4279,37.1523,24.7727,33.8287,70.755
2008-01,7061.0,4794.2694,11119.6423,2446.0,3851.9537,890.0,1401.5694,16337.0,25727.4602,91.9,144.7239,89.3971,2.8868,2.788,,52.7947,38.0195,27.3623,33.8659,70.8202
2008-02,7888.0,5344.5355,12392.0377,2777.0,4362.6634,922.0,1448.4608,17210.0,27036.8876,94.8,148.9307,88.6434,2.8405,2.8577,,58.8358,43.0603,28.2777,35.5895,72.8788
2008-03,8439.0,5437.5,13210.3909,3005.0,4704.02,968.0,1515.3049,19804.0,31001.1353,103.3,161.7056,86.8399,2.8083,2.897,,62.7213,46.4295,29.5827,40.8078,79.1301
2008-04,8685.0,5512.8856,13564.0862,2959.0,4621.3162,910.0,1421.2226,21659.0,33826.6602,110.2,172.1085,86.5475,2.9351,2.9117,,64.4006,45.6132,27.746,44.5271,84.2208
2008-05,8383.0,5389.6104,13015.4092,2903.0,4507.1851,889.0,1380.2575,24062.0,37358.556,123.9,192.3666,86.8245,2.8877,2.9232,,61.7955,44.4867,26.9462,49.1762,94.134
2008-06,8261.0,5308.4436,12692.9923,2958.0,4544.9548,889.0,1365.9448,22229.0,34154.7666,133.0,204.3539,87.0728,2.7928,2.9233,,60.2647,44.8595,26.6668,44.959,100.0
2008-07,8414.0,5339.1713,12836.4057,3071.0,4685.1203,940.0,1434.0648,23139.0,35300.8785,133.9,204.278,86.4538,2.7398,2.9084,,60.9456,46.243,27.9967,46.4676,99.9628
2008-08,7635.0,5105.3159,11665.3262,2764.0,4223.0467,839.0,1281.8872,20026.0,30597.2262,113.8,173.8722,88.945,2.7623,2.8897,,55.3855,41.6822,25.0258,40.2761,85.0838
2008-09,6991.0,4874.4945,10672.2489,2526.0,3856.1151,830.0,1267.0529,18369.0,28041.5591,99.1,151.2831,91.2651,2.7676,2.8537,,50.6705,38.0605,24.7362,36.912,74.0299
2008-10,4926.0,3713.2519,7585.1024,2121.0,3265.9363,807.0,1242.6264,14402.0,22176.3389,72.8,112.0981,98.04,2.3225,2.774,,36.0131,32.2354,24.2593,29.1914,54.8549
2008-11,3717.0,2916.6667,5826.6359,1852.0,2903.1288,761.0,1192.9163,13644.0,21387.8452,53.2,83.3944,100.7667,2.007,2.7097,,27.6641,28.6544,23.2888,28.1535,40.8088
2008-12,3072.0,2273.7029,4855.5352,1490.0,2355.061,816.0,1289.7515,11240.0,17765.6952,41.6,65.752,99.6622,2.0617,2.651,,23.0535,23.2449,25.1793,23.3855,32.1756
2009-01,3221.0,2432.0447,5078.1896,1413.0,2227.7187,859.0,1354.289,11373.0,17930.534,44.9,70.7888,100.3521,2.2795,2.6004,-0.6902,24.1106,21.988,26.4392,23.6025,34.6403
2009-02,3315.0,2590.4509,5207.42,1330.0,2089.2515,943.0,1481.3264,11039.0,17340.787,43.2,67.8614,102.9737,2.4925,2.5714,-0.6602,24.7242,20.6213,28.9194,22.8262,33.2078
2009-03,3750.0,2873.5632,5896.5682,1336.0,2100.7507,924.0,1452.9144,10676.0,16787.1364,46.8,73.5892,103.4397,2.8069,2.5713,-0.6438,27.9962,20.7348,28.3647,22.0974,36.0106
2009-04,4407.0,3338.8893,6922.6752,1421.0,2232.1583,890.0,1398.0442,11744.0,18447.9005,50.8,79.7985,100.7162,3.1013,2.5851,-0.678,32.868,22.0318,27.2935,24.2835,39.0491
2009-05,4569.0,3348.2339,7166.605,1460.0,2290.0511,929.0,1457.1626,13793.0,21634.7085,57.9,90.8178,97.5519,3.1295,2.6053,-0.6522,34.0261,22.6032,28.4476,28.4784,44.4414
2009-06,5014.0,3577.8507,7799.8642,1574.0,2448.5413,946.0,1471.6138,14986.0,23312.4781,68.6,106.7153,96.0426,3.1855,2.638,-0.6542,37.0328,24.1675,28.7297,30.6869,52.2208
2009-07,5216.0,3701.3909,8116.5173,1668.0,2595.5427,934.0,1453.3794,14039.0,21845.818,64.9,100.9896,95.6606,3.1271,2.6703,-0.657,38.5362,25.6185,28.3738,28.7563,49.419
2009-08,6165.0,4321.4636,9561.2227,1934.0,2999.4168,949.0,1471.7924,14870.0,23061.7001,72.5,112.4394,94.373,3.1877,2.7057,-0.6605,45.3955,29.6048,28.7332,30.3568,55.0219
2009-09,6196.0,4251.1149,9590.7815,1834.0,2838.8465,997.0,1543.2552,14869.0,23015.7084,67.7,104.7928,93.6638,3.3784,2.7566,-0.6603,45.5358,28.0199,30.1284,30.2963,51.28
2009-10,6288.0,4242.6287,9704.0572,1879.0,2899.797,1043.0,1609.6265,15009.0,23162.8809,73.2,112.9671,92.2598,3.3465,2.842,-0.659,46.0736,28.6215,31.4241,30.49,55.2801
2009-11,6676.0,4478.1325,10268.4596,1949.0,2997.7873,1127.0,1733.4563,14942.0,22982.523,77.0,118.4349,91.7996,3.4253,2.9602,-0.6673,48.7533,29.5887,33.8416,30.2526,57.9558
2009-12,6982.0,4789.0802,10733.5396,2180.0,3351.3487,1135.0,1744.8536,15547.0,23900.6504,74.7,114.8375,92.2586,3.2028,3.0552,-0.6677,50.9615,33.0784,34.0641,31.4612,56.1954
2010-01,7386.0,5177.3447,11347.2539,2235.0,3433.6735,1118.0,1717.6049,17715.0,27215.8954,76.4,117.3748,92.4403,3.3047,3.1407,-0.6608,53.8753,33.891,33.5321,35.8251,57.437
2010-02,6848.0,5005.848,10530.7371,2049.0,3150.9171,1095.0,1683.8722,16362.0,25161.2033,74.3,114.2573,93.8867,3.3421,3.2115,-0.6669,49.9986,31.1001,32.8736,33.1205,55.9115
2010-03,7463.0,5499.6315,11472.6719,2206.0,3391.2253,1113.0,1710.9854,17549.0,26977.6121,79.3,121.9058,93.1499,3.383,3.2595,-0.6736,54.4708,33.472,33.4029,35.5115,59.6542
2010-04,7745.0,5772.5274,11903.4447,2317.0,3561.0434,1149.0,1765.921,18684.0,28715.8117,85.0,130.6382,92.6391,3.3427,3.2796,-0.6724,56.516,35.1481,34.4754,37.7995,63.9274
2010-05,6838.0,5442.9674,10514.9237,2041.0,3138.4848,1205.0,1852.9516,17566.0,27011.5751,76.3,117.328,95.5306,3.3503,3.298,-0.6896,49.9235,30.9774,36.1744,35.5562,57.4141
2010-06,6499.0,5317.0253,9997.824,1931.0,2970.5798,1233.0,1896.8021,17320.0,26644.4547,74.8,115.0696,96.0606,3.3656,3.313,-0.6921,47.4684,29.3201,37.0305,35.0729,56.309
2010-07,6735.0,5257.2008,10341.5468,1988.0,3052.5605,1193.0,1831.8434,18191.0,27932.157,74.7,114.7013,94.4547,3.3878,3.3347,-0.6886,49.1004,30.1293,35.7624,36.768,56.1288
2010-08,7284.0,5645.1988,11168.2117,2118.0,3247.4289,1216.0,1864.4351,20755.0,31822.6571,76.7,117.6005,93.6822,3.4391,3.3557,-0.6895,53.0253,32.0527,36.3986,41.8891,57.5474
2010-09,7709.0,5883.3855,11800.7829,2162.0,3309.5463,1271.0,1945.6214,22701.0,34750.2363,77.8,119.0947,92.7626,3.5657,3.3713,-0.6937,56.0286,32.6658,37.9836,45.7428,58.2786
2010-10,8292.0,5965.0385,12649.1851,2347.0,3580.2746,1342.0,2047.1788,26343.0,40185.4175,82.9,126.4613,90.2291,3.533,3.3868,-0.6972,60.0567,35.3379,39.9663,52.8973,61.8835
2010-11,8470.0,6203.3104,12888.0622,2333.0,3549.9231,1370.0,2084.6098,25519.0,38830.0423,85.7,130.4022,90.5095,3.6305,3.4039,-0.7466,61.1909,35.0384,40.697,51.1132,63.8119
2010-12,9147.0,6918.5387,13862.5143,2351.0,3563.0011,1391.0,2108.0964,26163.0,39650.701,91.8,139.1253,91.1835,3.8907,3.4613,-0.7325,65.8175,35.1674,41.1555,52.1934,68.0805
2011-01,9556.0,7146.8103,14435.5493,2440.0,3685.9293,1360.0,2054.4524,27465.0,41489.3638,96.3,145.4734,90.1112,3.9164,3.5122,-0.732,68.5382,36.3808,40.1083,54.6137,71.187
2011-02,9868.0,7226.1277,14859.1006,2508.0,3776.5124,1375.0,2070.4564,31526.0,47471.4234,104.0,156.6018,89.3967,3.9346,3.5616,-0.732,70.5491,37.2748,40.4207,62.4881,76.6326
2011-03,9503.0,6778.174,14235.8388,2556.0,3828.9807,1423.0,2131.7056,30591.0,45826.4278,114.4,171.3754,88.4872,3.7179,3.5895,-0.7191,67.59,37.7927,41.6164,60.3227,83.862
2011-04,9493.0,6565.0069,14154.4162,2678.0,3992.9976,1481.0,2208.2261,32363.0,48254.437,123.1,183.5467,86.9214,3.5448,3.6064,-0.7092,67.2034,39.4116,43.1103,63.5188,89.818
2011-05,8960.0,6250.436,13317.3214,2596.0,3858.4561,1513.0,2248.7843,28676.0,42621.3738,114.5,170.1823,86.9464,3.4515,3.6148,-0.7062,63.229,38.0836,43.9021,56.1038,83.2782
2011-06,9067.0,6295.2163,13476.3564,2558.0,3801.9764,1529.0,2272.5652,25520.0,37930.5851,113.8,169.1419,86.9413,3.5446,3.6297,-0.706,63.984,37.5262,44.3664,49.9292,82.7691
2011-07,9650.0,6760.0701,14305.3934,2525.0,3743.1211,1573.0,2331.8532,27398.0,40615.4579,116.5,172.7024,86.3178,3.8218,3.6659,-0.7073,67.9202,36.9453,45.5239,53.4634,84.5114
2011-08,9001.0,6279.9135,13301.3415,2379.0,3515.5973,1759.0,2599.3845,24042.0,35528.3694,110.1,162.7017,86.8982,3.7835,3.6946,-0.6995,63.1531,34.6996,50.7468,46.7671,79.6176
2011-09,8300.0,6037.6809,12238.8527,2293.0,3381.1674,1772.0,2612.9213,22527.0,33217.4258,110.9,163.5288,89.7253,3.6197,3.6991,-0.6957,58.1085,33.3727,51.011,43.7251,80.0223
2011-10,7394.0,5384.5033,10895.5441,2181.0,3213.8466,1666.0,2454.9603,21869.0,32225.4061,109.5,161.3554,90.6098,3.3902,3.6872,-0.5438,51.7307,31.7212,47.9272,42.4193,78.9588
2011-11,7581.0,5591.5327,11150.4964,2080.0,3059.3632,1739.0,2557.8041,21292.0,31317.2891,110.5,162.5287,91.2649,3.6447,3.6884,-0.4563,52.9411,30.1965,49.935,41.2239,79.5329
2011-12,7565.0,5750.6651,11124.3185,2022.0,2973.3472,1640.0,2411.617,19375.0,28490.9016,107.9,158.6667,92.2056,3.7413,3.6759,-0.573,52.8169,29.3475,47.081,37.5035,77.6431
2012-01,8040.0,6227.7304,11790.6849,2144.0,3144.1827,1654.0,2425.5961,21439.0,31440.36,111.2,163.0751,91.6463,3.75,3.6621,-0.5839,55.9807,31.0336,47.354,41.3859,79.8003
2012-02,8441.0,6376.3408,12352.3502,2208.0,3231.1325,1745.0,2553.5898,24293.0,35549.7742,119.7,175.166,89.9605,3.8229,3.6527,-0.6205,58.6474,31.8918,49.8527,46.7953,85.717
2012-03,8471.0,6413.5373,12370.3545,2184.0,3189.3347,1676.0,2447.4931,22985.0,33565.4112,124.9,182.3937,90.5112,3.8787,3.6661,-0.6687,58.7329,31.4793,47.7814,44.1832,89.2538
2012-04,8289.0,6298.6322,12084.5068,2050.0,2988.6885,1649.0,2404.0719,22201.0,32366.7674,120.5,175.6766,90.8156,4.0434,3.7077,-0.6374,57.3757,29.4989,46.9337,42.6054,85.9668
2012-05,7956.0,6212.7128,11623.0657,2008.0,2933.5239,1589.0,2321.3991,20405.0,29810.0373,110.5,161.4315,92.4928,3.9622,3.7502,-0.6749,55.1848,28.9544,45.3198,39.2399,78.996
2012-06,7423.0,5918.9857,10853.3651,1890.0,2763.4191,1599.0,2337.9403,19271.0,28176.6401,95.6,139.7793,93.8809,3.9275,3.7822,-0.6768,51.5304,27.2754,45.6427,37.0898,68.4006
2012-07,7584.0,6176.9018,11085.5659,1876.0,2742.1574,1594.0,2329.9568,18546.0,27108.7691,103.1,150.7017,93.4062,4.0426,3.8006,-0.6764,52.6329,27.0656,45.4868,35.6841,73.7454
2012-08,7516.0,6058.3589,10922.7142,1845.0,2681.2676,1630.0,2368.8164,18773.0,27282.08,113.3,164.6545,92.5283,4.0737,3.8247,-0.6683,51.8597,26.4646,46.2455,35.9122,80.5732
2012-09,8088.0,6277.0664,11698.1647,2064.0,2985.2883,1745.0,2523.8993,20771.0,30042.3566,113.4,164.0173,90.9802,3.9186,3.8497,-0.6845,55.5414,29.4653,49.2731,39.5457,80.2614
2012-10,8062.0,6213.9664,11629.1978,1974.0,2847.4369,1747.0,2519.9961,21234.0,30629.4203,112.0,161.5567,90.7566,4.0841,3.9075,-0.6911,55.214,28.1047,49.1969,40.3185,79.0573
2012-11,7711.0,6006.8552,11141.6012,1949.0,2816.1044,1722.0,2488.1127,20713.0,29928.1528,109.7,158.5052,91.4751,3.9564,3.9335,-0.6956,52.8989,27.7954,48.5744,39.3954,77.5641
2012-12,7966.0,6072.1092,11511.4438,2087.0,3015.8653,1685.0,2434.9464,22881.0,33064.6931,109.7,158.5244,90.8804,3.817,3.9398,-0.7122,54.6549,29.7671,47.5365,43.5241,77.5734
2013-01,8047.0,6048.5568,11605.5066,2038.0,2939.2348,1672.0,2411.384,24546.0,35400.6169,113.0,162.9703,90.8255,3.9485,3.9563,-0.7262,55.1015,29.0108,47.0765,46.5989,79.749
2013-02,8061.0,6039.5595,11562.9118,2054.0,2946.312,1628.0,2335.2463,24212.0,34730.3338,116.5,167.1107,91.5509,3.9245,3.9648,-0.7087,54.8992,29.0806,45.5901,45.7166,81.7751
2013-03,7646.0,5902.8796,10998.5519,1910.0,2747.4803,1593.0,2291.4848,23297.0,33512.0668,109.2,157.0811,92.4132,4.0031,3.9751,-0.7163,52.2197,27.1181,44.7358,44.113,76.8672
2013-04,7234.0,5553.9347,10427.6744,1862.0,2684.0379,1488.0,2144.9239,21662.0,31225.3641,102.9,148.3284,92.0478,3.8851,3.9619,-0.6955,49.5093,26.4919,41.8745,41.1029,72.5841
2013-05,7249.0,5583.4553,10444.9708,1832.0,2639.7002,1414.0,2037.4105,20776.0,29935.8137,103.0,148.4111,92.529,3.9569,3.9615,-0.6368,49.5914,26.0543,39.7756,39.4054,72.6245
2013-06,7000.0,5304.2358,10062.2384,1815.0,2608.9947,1343.0,1930.5123,20267.0,29133.055,103.1,148.2024,93.2836,3.8567,3.9556,-0.6391,47.7742,25.7512,37.6886,38.3487,72.5224
2013-07,6907.0,5277.3533,9909.1577,1770.0,2539.3382,1286.0,1844.9655,19564.0,28067.5779,107.7,154.5123,93.8724,3.9023,3.9439,-0.6348,47.0474,25.0637,36.0185,36.9462,75.6101
2013-08,7193.0,5402.5837,10294.8919,1818.0,2601.9899,1352.0,1935.0332,21644.0,30977.7061,111.0,158.8674,93.7149,3.9565,3.9341,-0.6272,48.8788,25.6821,37.7769,40.7769,77.7413
2013-09,7159.0,5356.9291,10242.369,1761.0,2519.4597,1349.0,1930.012,22735.0,32526.9255,111.6,159.6659,93.4706,4.0653,3.9464,-0.616,48.6295,24.8675,37.6789,42.8162,78.132
2013-10,7203.0,5278.4699,10299.807,1815.0,2595.3283,1317.0,1883.2217,23102.0,33034.3108,109.5,156.5777,92.4993,3.9686,3.9367,-0.5725,48.9022,25.6163,36.7654,43.4841,76.6208
2013-11,7071.0,5241.272,10092.4404,1748.0,2494.9209,1276.0,1821.2352,22827.0,32580.9839,108.1,154.2912,93.3737,4.0452,3.9441,-0.5798,47.9176,24.6253,35.5553,42.8874,75.5019
2013-12,7215.0,5263.3499,10270.8139,1740.0,2476.953,1222.0,1739.5613,22762.0,32402.5316,110.7,157.5855,93.534,4.1466,3.9716,-0.641,48.7645,24.448,33.9608,42.6525,77.114
2014-01,7291.0,5353.9433,10353.903,1727.0,2452.5018,1244.0,1766.5965,22064.0,31332.9468,107.4,152.5181,94.4647,4.2218,3.9944,-0.6085,49.159,24.2066,34.4886,41.2445,74.6343
2014-02,7149.0,5231.6136,10141.0866,1695.0,2404.412,1300.0,1844.0918,22821.0,32372.3229,108.8,154.3363,94.6456,4.2177,4.0188,-0.5987,48.1486,23.732,36.0015,42.6127,75.524
2014-03,6650.0,4809.083,9414.0151,1705.0,2413.6685,1336.0,1891.2969,23024.0,32593.7268,107.4,152.0399,94.4408,3.9003,4.0102,-0.6004,44.6965,23.8233,36.923,42.9041,74.4003
2014-04,6674.0,4832.7299,9430.4104,1811.0,2558.9561,1298.0,1834.0834,23405.0,33071.4348,107.8,152.3222,93.9956,3.6853,3.9936,-0.6248,44.7744,25.2573,35.8061,43.533,74.5384
2014-05,6891.0,5015.6489,9718.5386,1751.0,2469.4763,1289.0,1817.9069,23271.0,32819.6359,109.7,154.7125,93.67,3.9355,3.9918,-0.6471,46.1424,24.3742,35.4903,43.2015,75.7081
2014-06,6821.0,5017.2858,9607.1237,1839.0,2590.1628,1279.0,1801.4237,22762.0,32059.4266,111.9,157.607,93.8274,3.7091,3.9795,-0.6465,45.6134,25.5654,35.1685,42.2008,77.1245
2014-07,7113.0,5256.0408,10007.1319,1948.0,2740.6007,1311.0,1844.4187,22424.0,31547.8595,107.0,150.5361,93.6039,3.6514,3.9586,-0.6356,47.5126,27.0502,36.0079,41.5274,73.6644
2014-08,7002.0,5258.7308,9852.5447,2030.0,2856.4218,1295.0,1822.2001,22231.0,31281.3369,101.9,143.3839,94.5808,3.4493,3.9163,-0.6362,46.7786,28.1934,35.5741,41.1766,70.1645
2014-09,6872.0,5331.6782,9668.9289,1990.0,2799.9372,1237.0,1740.4635,21091.0,29675.1135,97.3,136.9015,96.1209,3.4533,3.8653,-0.5778,45.9068,27.6359,33.9784,39.0623,66.9923
2014-10,6737.0,5314.3488,9480.8598,1946.0,2738.5711,1222.0,1719.6988,19830.0,27906.405,87.3,122.8557,97.4396,3.462,3.8231,-0.583,45.0139,27.0302,33.573,36.7341,60.1191
2014-11,6713.0,5382.0252,9464.9042,2056.0,2898.8296,1175.0,1656.6755,20033.0,28245.2595,78.4,110.539,99.1147,3.2651,3.7581,-0.5821,44.9382,28.612,32.3426,37.1801,54.0919
2014-12,6446.0,5228.3235,9116.5722,1909.0,2699.8971,1201.0,1698.5733,19830.0,28045.5519,62.3,88.1108,101.4441,3.3766,3.6939,-0.6052,43.2843,26.6485,33.1606,36.9172,43.1168
2015-01,5831.0,5020.2325,8299.6497,1815.0,2583.4101,1251.0,1780.6314,19454.0,27690.1706,48.1,68.4639,103.7607,3.2127,3.6098,-0.6465,39.4057,25.4987,34.7626,36.4494,33.5026
2015-02,5729.0,5047.5771,8133.8499,1818.0,2581.1379,1227.0,1742.0551,18234.0,25888.0466,57.9,82.2046,105.1685,3.1513,3.521,-0.6076,38.6185,25.4763,34.0095,34.0772,40.2266
2015-03,5940.0,5490.3411,8410.7627,1774.0,2511.9012,1179.0,1669.409,17422.0,24668.7387,55.8,79.0102,107.3647,3.3484,3.475,-0.5131,39.9332,24.7929,32.5912,32.4722,38.6634
2015-04,6042.0,5583.0715,8546.2806,1819.0,2572.9369,1199.0,1695.96,15901.0,22491.6267,59.4,84.02,106.3523,3.3216,3.4447,-0.526,40.5767,25.3953,33.1096,29.6064,41.115
2015-05,6295.0,5637.1452,8874.8767,1804.0,2543.3324,1199.0,1690.3856,15804.0,22280.9453,64.6,91.075,105.4065,3.4895,3.4075,-0.5333,42.1368,25.1031,33.0007,29.3291,44.5673
2015-06,5833.0,5195.9736,8200.8362,1688.0,2373.2233,1182.0,1661.8187,15065.0,21180.4555,62.3,87.5899,106.179,3.4556,3.3864,-0.502,38.9365,23.4241,32.443,27.8805,42.8619
2015-07,5457.0,4962.2624,7660.0522,1640.0,2302.0864,1128.0,1583.3863,15072.0,21156.7357,55.9,78.4675,108.1236,3.3274,3.3594,-0.5236,36.369,22.722,30.9118,27.8493,38.3978
2015-08,5127.0,4603.9871,7196.8577,1548.0,2172.9541,1118.0,1569.3558,15164.0,21285.9666,47.0,65.9747,109.9767,3.312,3.3479,-0.5593,34.1698,21.4474,30.6379,28.0194,32.2845
2015-09,5217.0,4646.0059,7339.6889,1590.0,2236.938,1125.0,1582.7391,15453.0,21740.5045,47.2,66.4047,110.8513,3.2811,3.3336,-0.4787,34.8479,22.079,30.8992,28.6177,32.4949
2015-10,5216.0,4645.529,7331.0281,1516.0,2130.7206,1159.0,1628.9612,15795.0,22199.691,48.1,67.604,109.9036,3.4406,3.3318,-0.4763,34.8068,21.0306,31.8016,29.2221,33.0818
2015-11,4800.0,4474.69,6738.2952,1468.0,2060.7953,1086.0,1524.5393,14745.0,20699.2005,44.4,62.3292,111.6916,3.2698,3.3322,-0.5018,31.9926,20.3404,29.763,27.247,30.5006
2015-12,4639.0,4260.2627,6519.2934,1497.0,2103.7685,1076.0,1512.1275,14692.0,20647.0054,37.7,52.9807,112.7857,3.0989,3.3091,-0.4821,30.9528,20.7646,29.5207,27.1783,25.9259
2016-01,4472.0,4119.7605,6287.4869,1481.0,2082.2379,1098.0,1543.7524,13808.0,19413.5999,30.8,43.3038,115.2344,3.0196,3.293,-0.4809,29.8522,20.5521,30.1381,25.5547,21.1906
2016-02,4599.0,4146.2315,6474.6539,1531.0,2155.4023,1200.0,1689.4074,15610.0,21976.3749,33.2,46.7403,114.2817,3.0039,3.2807,-0.5088,30.7408,21.2742,32.9816,28.9282,22.8722
2016-03,4954.0,4449.4342,6952.6419,1531.0,2148.6667,1245.0,1747.2828,16898.0,23715.3295,39.1,54.8745,111.8934,3.2358,3.2713,-0.5811,33.0103,21.2077,34.1115,31.2172,26.8527
2016-04,4873.0,4294.9057,6812.8655,1571.0,2196.3907,1242.0,1736.4209,17033.0,23813.5725,42.3,59.139,110.0171,3.1018,3.253,-0.5832,32.3466,21.6788,33.8995,31.3465,28.9395
2016-05,4695.0,4150.4597,6548.5252,1551.0,2163.3147,1261.0,1758.8265,16707.0,23302.7072,47.1,65.6945,111.1405,3.0271,3.2145,-0.5874,31.0916,21.3523,34.3369,30.6741,32.1474
2016-06,4642.0,4132.8348,6456.678,1594.0,2217.1359,1276.0,1774.8214,16967.0,23599.8396,48.5,67.4599,111.5596,2.9122,3.1692,-0.5864,30.6555,21.8835,34.6491,31.0652,33.0113
2016-07,4865.0,4400.7237,6770.2647,1629.0,2266.9602,1337.0,1860.6051,17826.0,24807.1404,45.1,62.7624,112.4773,2.9865,3.1408,-0.5577,32.1444,22.3753,36.3239,32.6544,30.7126
2016-08,4752.0,4240.207,6600.8045,1639.0,2276.6664,1340.0,1861.338,18427.0,25596.1751,46.1,64.0356,111.4384,2.8993,3.1064,-0.529,31.3398,22.4711,36.3382,33.693,31.3356
2016-09,4722.0,4209.3065,6541.9718,1592.0,2205.5949,1327.0,1838.4575,19500.0,27015.7665,46.2,64.0066,112.3169,2.9661,3.0801,-0.5277,31.0605,21.7696,35.8915,35.5617,31.3214
2016-10,4731.0,4295.4422,6539.1215,1666.0,2302.7217,1267.0,1751.2295,20100.0,27781.9365,49.7,68.6946,113.4747,2.8397,3.0301,-0.5195,31.0469,22.7283,34.1886,36.5702,33.6155
2016-11,5451.0,5050.9637,7525.4232,1737.0,2398.0297,1238.0,1709.1312,21126.0,29165.6744,46.4,64.0579,116.1075,3.1382,3.0191,-0.2915,35.7298,23.669,33.3667,38.3917,31.3465
2016-12,5660.0,5367.4727,7794.2831,1728.0,2379.5974,1157.0,1593.2837,21204.0,29199.6428,54.1,74.5001,117.9048,3.2755,3.0338,-0.2607,37.0063,23.487,31.105,38.4364,36.4564
2017-01,5755.0,5411.3775,7893.1931,1791.0,2456.422,1192.0,1634.8716,20692.0,28379.835,54.9,75.2974,117.7858,3.2133,3.0499,-0.2708,37.4759,24.2453,31.917,37.3573,36.8465
2017-02,5941.0,5578.4038,8135.342,1861.0,2548.3709,1234.0,1689.7849,19446.0,26628.4904,55.5,75.9992,116.1204,3.1924,3.0657,-0.2978,38.6256,25.1529,32.989,35.0519,37.19
2017-03,5825.0,5448.5081,7980.2252,1901.0,2604.3619,1231.0,1686.4648,19875.0,27228.6652,52.0,71.2398,115.6558,3.0642,3.0514,-0.3241,37.8891,25.7055,32.9242,35.8419,34.861
2017-04,5684.0,5305.2081,7777.4572,1921.0,2628.5178,1267.0,1733.645,19910.0,27242.9931,53.0,72.5203,114.7698,2.9589,3.0394,-0.3043,36.9264,25.9439,33.8453,35.8608,35.4876
2017-05,5600.0,5067.8733,7668.4546,1913.0,2619.5989,1246.0,1706.2312,20200.0,27661.2113,50.9,69.7008,114.2591,2.9273,3.0311,-0.2852,36.4088,25.8559,33.3101,36.4113,34.1079
2017-06,5720.0,5092.1392,7827.6779,1885.0,2579.5757,1260.0,1724.2787,19659.0,26902.8531,46.9,64.1815,112.7603,3.0345,3.0413,-0.2999,37.1648,25.4609,33.6624,35.4131,31.407
2017-07,5985.0,5190.8066,8187.6411,1903.0,2603.3552,1237.0,1692.2493,20223.0,27665.6085,48.7,66.6229,111.0606,3.145,3.0545,-0.3212,38.8739,25.6956,33.0371,36.4171,32.6017
2017-08,6486.0,5490.5612,8839.0046,2030.0,2766.4476,1283.0,1748.4494,20521.0,27965.6512,51.4,70.047,109.9059,3.1951,3.0792,-0.3542,41.9665,27.3053,34.1343,36.8121,34.2773
2017-09,6577.0,5520.8596,8917.4816,2096.0,2841.8795,1314.0,1781.5981,20797.0,28197.7901,55.2,74.8434,108.8542,3.1379,3.0935,-0.3534,42.3391,28.0499,34.7814,37.1176,36.6244
2017-10,6808.0,5791.5781,9223.5362,2131.0,2887.0969,1280.0,1734.1549,20376.0,27605.5779,57.6,78.037,110.8892,3.1947,3.1231,-0.3176,43.7922,28.4962,33.8552,36.3381,38.1872
2017-11,6827.0,5813.6762,9224.6661,2097.0,2833.4737,1282.0,1732.2429,19558.0,26426.8376,62.6,84.5853,111.1635,3.2556,3.1329,-0.32,43.7975,27.9669,33.8179,34.7865,41.3916
2017-12,6834.0,5773.9101,9214.7102,2080.0,2804.5943,1264.0,1704.3304,19476.0,26260.7105,64.2,86.5649,110.8758,3.2856,3.1337,-0.2954,43.7503,27.6818,33.273,34.5678,42.3603
2018-01,7066.0,5793.2278,9487.1781,2210.0,2967.2606,1331.0,1787.0696,20697.0,27788.8656,69.0,92.643,108.3568,3.1973,3.1324,-0.2433,45.0439,29.2874,34.8883,36.5793,45.3346
2018-02,7007.0,5678.282,9382.7007,2182.0,2921.8,1331.0,1782.2712,21652.0,28993.0405,65.4,87.5737,107.6501,3.2113,3.1339,-0.2271,44.5479,28.8387,34.7946,38.1644,42.8539
2018-03,6799.0,5512.4047,9102.428,2069.0,2769.9549,1325.0,1773.8957,21212.0,28398.3972,66.5,89.0295,107.9472,3.2861,3.1524,-0.2704,43.2172,27.3399,34.6311,37.3817,43.5663
2018-04,6852.0,5584.3521,9149.5547,2255.0,3011.1275,1335.0,1782.6409,21291.0,28430.1179,71.6,95.6083,107.9434,3.0386,3.1591,-0.2666,43.4409,29.7204,34.8018,37.4234,46.7856
2018-05,6825.0,5772.6465,9092.9698,2300.0,3064.2975,1303.0,1735.9912,20859.0,27790.5138,76.7,102.1877,111.047,2.9674,3.1624,-0.2455,43.1723,30.2452,33.8911,36.5815,50.0052
2018-06,6966.0,5964.5518,9272.4687,2238.0,2979.0102,1282.0,1706.475,20661.0,27501.9345,75.2,100.099,112.8444,3.1126,3.1689,-0.2187,44.0245,29.4034,33.3148,36.2016,48.9831
2018-07,6251.0,5349.5935,8314.2376,2082.0,2769.1958,1238.0,1646.6207,19730.0,26242.1865,74.4,98.9569,113.0595,3.0024,3.157,-0.1576,39.4749,27.3324,32.1463,34.5434,48.4242
2018-08,6051.0,5240.3222,8033.8655,2052.0,2724.4244,1202.0,1595.886,19229.0,25530.1932,73.1,97.0543,113.8316,2.9488,3.1365,-0.1221,38.1438,26.8905,31.1559,33.6062,47.4932
2018-09,6051.0,5186.4232,8017.3315,2026.0,2684.3685,1198.0,1587.3018,18967.0,25130.5116,78.9,104.5393,114.0787,2.9867,3.1239,-0.1275,38.0653,26.4952,30.9883,33.0801,51.156
2018-10,6220.0,5414.3454,8222.0136,2030.0,2683.3903,1215.0,1606.0686,19121.0,25275.4215,80.5,106.4103,114.8313,3.064,3.113,-0.1236,39.0371,26.4855,31.3546,33.2708,52.0716
2018-11,6196.0,5452.3055,8196.0604,1939.0,2564.9066,1221.0,1615.1371,19065.0,25219.1561,65.2,86.2465,116.169,3.1955,3.108,-0.0667,38.9139,25.3161,31.5317,33.1968,42.2045
2018-12,6075.0,5338.3128,8030.5017,1920.0,2538.0351,1250.0,1652.3666,19260.0,25459.6647,56.5,74.687,116.2118,3.1641,3.0979,-0.0471,38.1278,25.0509,32.2585,33.5133,36.5478
2019-01,5939.0,5201.4363,7857.1276,1854.0,2452.7891,1292.0,1709.2792,20458.0,27065.3505,59.3,78.4522,114.4425,3.2033,3.0984,0.0303,37.3046,24.2095,33.3696,35.627,38.3904
2019-02,6300.0,5551.1499,8309.7806,1863.0,2457.3208,1320.0,1741.0969,21264.0,28047.4879,64.1,84.5487,114.413,3.3816,3.1126,0.0384,39.4538,24.2542,33.9907,36.9198,41.3737
2019-03,6439.0,5700.2479,8461.1251,1871.0,2458.5751,1301.0,1709.5704,21393.0,28111.3293,66.4,87.2525,114.7835,3.4415,3.1255,0.129,40.1723,24.2666,33.3753,37.0038,42.6967
2019-04,6438.0,5730.8172,8428.124,1845.0,2415.3291,1286.0,1683.5302,20604.0,26973.1388,71.2,93.2094,114.9038,3.4894,3.1631,0.1074,40.0157,23.8397,32.8669,35.5056,45.6118
2019-05,6018.0,5379.4583,7876.3489,1781.0,2330.97,1284.0,1680.4972,19524.0,25552.9802,70.5,92.2703,115.9574,3.379,3.1974,0.0927,37.3959,23.0071,32.8077,33.6362,45.1522
2019-06,5882.0,5207.614,7700.8559,1756.0,2298.9974,1359.0,1779.2355,19193.0,25127.9374,63.3,82.8739,115.4271,3.3497,3.2172,0.1049,36.5627,22.6915,34.7353,33.0767,40.5541
2019-07,5941.0,5299.2597,7760.1906,1797.0,2347.2585,1413.0,1845.674,17978.0,23483.0342,64.0,83.5974,115.0776,3.3061,3.2425,0.0875,36.8444,23.1679,36.0324,30.9114,40.9081
2019-08,5709.0,5129.841,7450.3346,1741.0,2272.0323,1500.0,1957.5236,16609.0,21675.0058,59.3,77.3874,117.1004,3.2791,3.27,0.0237,35.3732,22.4254,38.216,28.5315,37.8693
2019-09,5759.0,5230.2243,7504.0379,1754.0,2285.4805,1511.0,1968.849,16831.0,21930.9709,62.3,81.1776,117.3239,3.2834,3.2947,0.0285,35.6282,22.5581,38.4371,28.8684,39.724
2019-10,5757.0,5206.1856,7480.283,1726.0,2242.6556,1495.0,1942.5088,16603.0,21572.8918,59.4,77.1806,116.7463,3.3355,3.3173,0.0327,35.5154,22.1354,37.9228,28.3971,37.7681
2019-11,5860.0,5302.6875,7592.7379,1775.0,2299.8481,1471.0,1905.9586,16335.0,21165.0809,62.7,81.2397,116.5595,3.3014,3.3262,-0.1972,36.0494,22.6999,37.2093,27.8602,39.7544
2019-12,6077.0,5467.8784,7851.0385,1771.0,2288.0022,1479.0,1910.7596,17141.0,22144.9154,65.9,85.138,115.9096,3.4314,3.3484,-0.2608,37.2757,22.583,37.303,29.15,41.662
2020-01,6031.0,5434.3125,7776.6657,1773.0,2286.1927,1561.0,2012.8296,17029.0,21958.0237,63.6,82.0089,115.2794,3.4016,3.365,-0.2563,36.9226,22.5651,39.2957,28.904,40.1308
2020-02,5688.0,5213.0877,7330.905,1688.0,2175.5569,1597.0,2058.2727,16480.0,21240.0343,55.0,70.886,116.7105,3.3697,3.364,-0.2728,34.8062,21.4731,40.1828,27.9589,34.6879
2020-03,5183.0,4692.1963,6710.4302,1611.0,2085.7617,1592.0,2061.1624,15291.0,19797.2579,33.0,42.7251,121.0227,3.2173,3.3453,-0.4213,31.8603,20.5868,40.2393,26.0597,20.9074
2020-04,5058.0,4652.7458,6600.8725,1460.0,1905.3527,1683.0,2196.3757,14953.0,19514.2046,23.3,30.4073,123.2803,3.4644,3.3432,-0.4467,31.3401,18.8062,42.879,25.6872,14.8797
2020-05,5240.0,4804.2541,6844.5377,1466.0,1914.9031,1716.0,2241.4555,15402.0,20118.2386,31.0,40.4925,122.615,3.5744,3.3595,-0.4621,32.497,18.9004,43.7591,26.4823,19.8149
2020-06,5755.0,5111.4664,7480.9716,1569.0,2039.5559,1732.0,2251.441,16838.0,21887.854,39.9,51.8663,119.6766,3.6679,3.386,-0.5251,35.5187,20.1308,43.954,28.8117,25.3806
2020-07,6372.0,5546.6574,8241.0151,1644.0,2126.2129,1847.0,2388.7563,17470.0,22594.2457,42.8,55.354,118.69,3.8759,3.4335,-0.5149,39.1273,20.9861,46.6347,29.7415,27.0873
2020-08,6499.0,5493.1958,8374.02,1737.0,2238.1401,1969.0,2537.0742,17650.0,22742.1839,44.3,57.0809,116.9453,3.7415,3.472,-0.4978,39.7588,22.0908,49.5303,29.9362,27.9324
2020-09,6705.0,5689.4357,8616.8239,1744.0,2241.2738,1922.0,2470.0277,17951.0,23069.4415,41.1,52.819,116.3431,3.8446,3.5188,-0.5015,40.9116,22.1218,48.2214,30.367,25.8468
2020-10,6714.0,5705.3025,8617.7172,1806.0,2318.0812,1900.0,2438.7344,18177.0,23330.9869,40.5,51.9835,115.7798,3.7176,3.5506,-0.5498,40.9158,22.8799,47.6104,30.7113,25.438
2020-11,7069.0,5977.5072,9052.7883,1935.0,2478.0231,1866.0,2389.6595,18522.0,23719.8676,43.2,55.3233,114.0984,3.6532,3.58,-0.5687,42.9815,24.4585,46.6524,31.2232,27.0723
2020-12,7772.0,6387.2452,9910.0007,2015.0,2569.3067,1858.0,2369.1175,19732.0,25160.079,49.9,63.627,111.8992,3.8571,3.6154,-0.6049,47.0514,25.3595,46.2513,33.119,31.1357
2021-01,7972.0,6546.2309,10140.1757,2004.0,2549.0356,1867.0,2374.7752,21920.0,27881.6672,54.6,69.4498,111.4873,3.978,3.6635,-0.6054,48.1443,25.1594,46.3618,36.7015,33.985
2021-02,8471.0,7004.2997,10738.4264,2079.0,2635.4844,1808.0,2291.9461,26316.0,33359.9847,62.0,78.5955,112.0171,4.0746,3.7222,-0.59,50.9847,26.0127,44.7448,43.9128,38.4605
2021-03,8988.0,7551.672,11334.3829,2190.0,2761.7155,1718.0,2166.4964,27061.0,34125.4713,65.2,82.2209,113.3366,4.1041,3.7961,-0.5498,53.8142,27.2586,42.2957,44.9204,40.2346
2021-04,9325.0,7793.5646,11686.4515,2319.0,2906.2607,1760.0,2205.7002,28328.0,35501.7477,64.8,81.2099,112.6323,4.0211,3.8425,-0.5545,55.4858,28.6853,43.061,46.732,39.7398
2021-05,10162.0,8366.5404,12651.4691,2434.0,3030.2771,1850.0,2303.2098,32246.0,40145.5689,68.0,84.6585,111.2123,4.175,3.8926,-0.5976,60.0676,29.9094,44.9647,52.8449,41.4274
2021-06,9632.0,7994.6879,11891.0114,2447.0,3020.8996,1835.0,2265.3661,32503.0,40125.9907,73.1,90.2443,111.5777,3.9362,3.9149,-0.6183,56.457,29.8168,44.2258,52.8191,44.1608
2021-07,9451.0,7995.0935,11613.9656,2498.0,3069.6948,1808.0,2221.7807,34020.0,41805.8522,74.4,91.4273,113.0633,3.7834,3.9072,-0.6652,55.1416,30.2984,43.3749,55.0303,44.7397
2021-08,9370.0,7962.9472,11481.786,2603.0,3189.6573,1785.0,2187.2986,35024.0,42917.617,70.0,85.7764,113.4025,3.5997,3.8954,-0.6619,54.5141,31.4825,42.7018,56.4938,41.9744
2021-09,9325.0,7926.0518,11375.1655,2835.0,3458.2943,1775.0,2165.246,34887.0,42557.1472,74.6,91.0013,113.4437,3.2892,3.8491,-0.6607,54.0078,34.134,42.2712,56.0193,44.5312
2021-10,9829.0,8473.2759,11875.5147,2934.0,3544.8937,1777.0,2146.9925,37723.0,45577.3774,83.7,101.1273,114.0635,3.35,3.8185,-0.6491,56.3834,34.9887,41.9149,59.9949,49.4864
2021-11,9729.0,8522.2495,11654.855,2636.0,3157.796,1822.0,2182.6648,39159.0,46910.5218,80.8,96.7944,114.9898,3.6908,3.8216,-0.6526,55.3358,31.168,42.6113,61.7498,47.366
2021-12,9551.0,8451.4645,11363.1547,2696.0,3207.5243,1790.0,2129.6248,39423.0,46902.9052,74.3,88.3973,115.8045,3.5427,3.7954,-0.6601,53.9508,31.6588,41.5758,61.7397,43.2569
2022-01,9782.0,8643.6335,11568.0425,3006.0,3554.8493,1816.0,2147.5736,41792.0,49422.5755,85.5,101.111,115.0373,3.2542,3.7351,-0.7121,54.9236,35.087,41.9262,65.0565,49.4784
2022-02,9943.0,8761.1243,11677.5555,3246.0,3812.2644,1856.0,2179.779,43983.0,51655.8305,95.8,112.5123,114.9977,3.0632,3.6508,-0.7213,55.4436,37.6277,42.555,67.9962,55.0576
2022-03,10231.0,9284.8716,11883.2229,3498.0,4062.8984,1948.0,2262.5861,43950.0,51047.5658,115.6,134.2685,116.2908,2.9248,3.5525,-0.7042,56.42,40.1015,44.1716,67.1955,65.7039
2022-04,10161.0,9405.7206,11765.6409,3244.0,3756.2975,1937.0,2242.894,42991.0,49780.2053,105.8,122.5081,117.1688,3.1322,3.4785,-0.7065,55.8618,37.0753,43.7871,65.5272,59.949
2022-05,9377.0,8873.8526,10755.8115,2830.0,3246.1285,1849.0,2120.8804,35769.0,41028.5403,112.4,128.9275,119.6962,3.3134,3.4067,-0.7345,51.0672,32.0399,41.4051,54.0071,63.0903
2022-06,9024.0,8539.7937,10222.5007,2563.0,2903.3986,1837.0,2080.9767,31559.0,35750.4322,120.1,136.0508,120.0257,3.5209,3.372,-0.7444,48.5351,28.6571,40.6261,47.0594,66.5761
2022-07,7545.0,7420.3383,8548.3461,2408.0,2728.2197,1733.0,1963.4571,25396.0,28773.2005,108.9,123.3817,122.7512,3.1333,3.3179,-0.7505,40.5865,26.928,38.3318,37.8751,60.3765
2022-08,7982.0,7880.3436,9037.8202,2431.0,2752.5609,1765.0,1998.4656,24647.0,27907.1856,98.6,111.6423,122.3178,3.2834,3.2915,-0.7452,42.9104,27.1683,39.0153,36.7351,54.6318
2022-09,7746.0,7825.0328,8733.5497,2225.0,2508.6687,1681.0,1895.3133,21124.0,23817.132,90.2,101.6997,125.5946,3.4813,3.3075,-0.7376,41.4658,24.761,37.0015,31.3512,49.7665
2022-10,7651.0,7765.1477,8578.4437,2256.0,2529.4692,1664.0,1865.7078,19391.0,21741.5504,93.1,104.3855,127.4806,3.3914,3.311,-0.7418,40.7294,24.9663,36.4235,28.6191,51.0807
2022-11,8050.0,7898.3516,9002.2777,2351.0,2629.1124,1725.0,1929.0595,21250.0,23763.7766,91.1,101.8767,124.8527,3.4241,3.2887,-0.7409,42.7417,25.9498,37.6603,31.281,49.8531
2022-12,8375.0,7907.6574,9364.282,2402.0,2685.732,1798.0,2010.3856,24172.0,27027.2746,80.9,90.4562,122.2343,3.4867,3.2841,-0.7327,44.4604,26.5086,39.248,35.5768,44.2645
2023-01,9038.0,8386.3784,10052.1802,2502.0,2782.7567,1898.0,2110.9801,28154.0,31313.242,83.1,92.4249,119.8101,3.6123,3.3139,-0.7512,47.7265,27.4663,41.2118,41.2186,45.2278
2023-02,8937.0,8350.7756,9905.8841,2416.0,2677.925,1855.0,2056.1055,26863.0,29775.2896,82.7,91.6657,120.3084,3.6991,3.3669,-0.7466,47.0319,26.4316,40.1405,39.1941,44.8564
2023-03,8856.0,8268.1356,9804.0366,2296.0,2541.7873,1913.0,2117.787,24000.0,26569.2049,78.5,86.9034,120.745,3.8571,3.4446,-0.7142,46.5483,25.0879,41.3447,34.9739,42.5259
2023-04,8809.0,8035.9423,9719.0311,2343.0,2585.0482,2000.0,2206.6139,25794.0,28458.7,84.1,92.7881,119.2451,3.7597,3.4969,-0.6909,46.1447,25.5149,43.0789,37.4611,45.4056
2023-05,8217.0,7561.4245,9051.2584,2269.0,2499.3678,1992.0,2194.2445,25534.0,28126.4248,75.7,83.3857,119.6293,3.6214,3.5226,-0.6799,42.9742,24.6692,42.8374,37.0237,40.8045
2023-06,8397.0,7746.31,9228.8447,2185.0,2401.456,1943.0,2135.4824,27217.0,29913.239,74.9,82.3199,119.297,3.843,3.5494,-0.655,43.8174,23.7028,41.6902,39.3757,40.283
2023-07,8477.0,7659.709,9298.5712,2160.0,2369.3422,1951.0,2140.0864,28743.0,31528.7051,80.1,87.8631,118.0492,3.9245,3.6153,-0.6477,44.1484,23.3858,41.7801,41.5022,42.9956
2023-08,8349.0,7652.6123,9114.0927,2137.0,2332.8322,1919.0,2094.8549,26075.0,28464.4828,86.2,94.0993,119.8563,3.9069,3.6673,-0.6535,43.2726,23.0255,40.897,37.4687,46.0472
2023-09,8277.0,7755.8096,9000.385,2185.0,2375.9624,1916.0,2083.4526,25574.0,27809.0908,94.0,102.2153,121.6455,3.7881,3.6929,-0.648,42.7327,23.4512,40.6744,36.606,50.0188
2023-10,7937.0,7512.5414,8618.8893,2192.0,2380.3207,1916.0,2080.6088,24536.0,26643.9545,91.1,98.9266,123.4971,3.6209,3.712,-0.6608,40.9214,23.4942,40.6189,35.0723,48.4095
2023-11,8190.0,7570.0157,8880.5798,2202.0,2387.6724,1984.0,2151.2906,24168.0,26205.8427,83.2,90.2154,121.2221,3.7193,3.7366,-0.648,42.1639,23.5667,41.9988,34.4956,44.1466
2023-12,8400.0,7700.0642,9090.7926,2182.0,2361.4416,2026.0,2192.6126,24600.0,26623.0355,77.9,84.3063,119.8331,3.8497,3.7668,-0.6179,43.1619,23.3078,42.8055,35.0447,41.255
2024-01,8339.0,7651.1607,8996.8886,2193.0,2366.0123,2034.0,2194.4683,25100.0,27080.214,80.2,86.5272,120.2274,3.8026,3.7827,-0.6157,42.7161,23.353,42.8417,35.6465,42.3418
2024-02,8305.0,7694.8022,8923.6413,2179.0,2341.3142,2023.0,2173.6937,26104.0,28048.4927,83.8,90.0423,121.0659,3.8114,3.7921,-0.6362,42.3683,23.1092,42.4362,36.9211,44.0619
2024-03,8689.0,7993.5603,9295.056,2226.0,2381.263,2158.0,2308.5201,27450.0,29364.6319,85.4,91.3566,120.6588,3.9034,3.7959,-0.6853,44.1317,23.5035,45.0683,38.6536,44.7051
2024-04,9464.0,8825.0653,10102.1835,2506.0,2674.9865,2331.0,2488.1857,31775.0,33917.6755,90.1,96.1757,122.1428,3.7765,3.7973,-0.6056,47.9639,26.4026,48.5759,44.6469,47.0633
2024-05,10139.0,9379.2784,10817.4478,2565.0,2736.6361,2351.0,2508.3164,32978.0,35184.7118,82.0,87.487,121.8583,3.9528,3.8249,-0.581,51.3599,27.0111,48.9689,46.3147,42.8115
2024-06,9648.0,8964.0435,10297.9003,2498.0,2666.2681,2326.0,2482.682,32033.0,34190.7793,82.6,88.164,123.7095,3.8623,3.8265,-0.6013,48.8931,26.3165,48.4684,45.0064,43.1428
2024-07,9385.0,8652.1619,10000.4128,2349.0,2503.0335,2398.0,2555.2467,31860.0,33949.1903,85.3,90.8935,123.3824,3.9953,3.8324,-0.5884,47.4807,24.7054,49.8851,44.6884,44.4784
2024-08,8972.0,8141.5608,9545.3233,2344.0,2493.7849,2470.0,2627.8364,31492.0,33504.3827,80.9,86.0696,122.6137,3.8276,3.8258,-0.5603,45.32,24.6141,51.3022,44.1029,42.1179
2024-09,9237.0,8318.6239,9806.337,2450.0,2601.0096,2571.0,2729.4676,31472.0,33411.826,74.3,78.8796,121.8849,3.7702,3.8243,-0.5656,46.5592,25.6724,53.2863,43.981,38.5995
2024-10,9534.0,8750.8031,10092.8139,2596.0,2748.1587,2690.0,2847.6683,32012.0,33888.3113,75.7,80.137,123.5953,3.6726,3.8286,-0.5555,47.9194,27.1248,55.5939,44.6082,39.2148
2024-11,9076.0,8545.3347,9580.7415,2582.0,2725.5922,2651.0,2798.4295,29655.0,31304.1968,74.4,78.5376,126.3113,3.5151,3.8116,-0.5706,45.4881,26.9021,54.6326,41.2067,38.4321
2024-12,8916.0,8514.1329,9379.9574,2541.0,2673.2247,2648.0,2785.7926,28865.0,30367.0335,73.8,77.6403,127.5758,3.5089,3.7832,-0.5709,44.5348,26.3852,54.3859,39.9731,37.993
2025-01,8991.0,8681.9235,9418.618,2573.0,2695.3736,2710.0,2838.8894,29612.0,31020.3667,79.2,82.9668,128.837,3.4944,3.7575,-0.5607,44.7184,26.6038,55.4225,40.8331,40.5996
2025-02,9331.0,8960.9142,9752.8344,2658.0,2778.1625,2895.0,3025.8767,31833.0,33272.1015,75.2,78.5996,127.8758,3.5105,3.7325,-0.5675,46.3052,27.421,59.073,43.7971,38.4625
2025-03,9740.0,9007.6759,10176.95,2658.0,2777.2416,2983.0,3116.8215,34048.0,35575.4406,72.6,75.8569,126.243,3.6644,3.7126,-0.5965,48.3189,27.4119,60.8485,46.8291,37.1204
2025-04,9177.0,8170.406,9573.2159,2372.0,2474.4108,3218.0,3356.9368,32565.0,33970.9899,67.7,70.6229,124.1402,3.8689,3.7203,-0.5266,45.4524,24.4229,65.5362,44.7171,34.5591
2025-05,9533.0,8455.7389,9934.7228,2449.0,2552.2014,3309.0,3448.442,31981.0,33328.6866,64.2,66.9054,122.3422,3.8926,3.7152,-0.5057,47.1688,25.1907,67.3226,43.8716,32.74
2025-06,9835.0,8526.9638,10223.4616,2526.0,2625.7716,3353.0,3485.4364,32544.0,33829.4189,71.5,74.3241,120.5939,3.8935,3.7178,-0.5137,48.5397,25.9168,68.0448,44.5307,36.3703
2025-07,9771.0,8372.0332,10133.7931,2606.0,2702.7597,3340.0,3464.0128,33610.0,34857.9252,71.0,73.6362,120.1127,3.7494,3.6973,-0.4472,48.114,26.6767,67.6266,45.8846,36.0337
2025-08,9670.0,8302.5672,9994.2367,2597.0,2684.0778,3368.0,3480.9296,33834.0,34968.4595,68.2,70.4868,120.5758,3.7235,3.6887,-0.4517,47.4514,26.4923,67.9568,46.0301,34.4925
2025-09,9984.0,8504.9834,10288.4051,2653.0,2733.8881,3668.0,3779.8347,34484.0,35535.3927,68.0,70.0733,120.0291,3.7633,3.6881,-0.4311,48.848,26.984,73.7922,46.7763,34.2901
2025-10,10740.0,9226.0115,,2793.0,,4058.0,,36012.0,,64.7,,120.7618,3.8453,3.7025,-0.3762,,,,,
2025-11,10812.0,9354.5596,11113.613,2819.0,2897.6392,4087.0,4201.0115,36963.0,37994.1247,63.6,65.3742,121.4177,3.8354,3.7292,-0.3452,52.766,28.6002,82.0147,50.0128,31.9907
2025-12,11785.0,10064.0478,12077.7896,2876.0,2947.4521,4309.0,4416.0539,41220.0,42244.0805,62.7,64.2577,120.1883,4.0977,3.7782,-0.3489,57.3438,29.0919,86.2129,55.6072,31.4443
2026-01,13012.0,11079.7003,13312.5301,3142.0,3214.5688,4753.0,4862.7771,49538.0,50682.1484,66.8,68.3428,119.2298,4.1413,3.8322,-0.3134,63.2062,31.7284,94.9341,66.7145,33.4434
2026-02,12951.0,10953.1461,13214.8372,3065.0,3127.44,5020.0,5122.2672,48694.0,49685.9919,71.1,72.5484,117.906,4.2254,3.8917,-0.2944,62.7424,30.8684,100.0,65.4032,35.5014
2026-03,12529.0,10841.0487,12674.5868,3373.0,3412.1942,4856.0,4912.4267,47324.0,47873.9042,103.7,104.905,119.9199,3.7145,3.8959,-0.3212,60.1773,33.679,95.9034,63.0179,51.3349
2026-04,12951.0,11072.0698,13018.1692,3600.0,3618.6711,4721.0,4745.4851,48806.0,49059.1281,120.4,121.0244,119.0363,3.5975,3.8733,-0.3456,61.8086,35.7169,92.6442,64.578,59.223
2026-05,13543.0,11594.0416,13549.1637,3666.0,3667.6685,4587.0,4589.0876,53563.0,53587.3775,107.5,107.5489,118.7792,3.6942,3.8568,-0.3492,64.3297,36.2005,89.5909,70.5387,52.6287
2026-06,13552.0,11767.975,13615.6916,3439.0,3455.1626,4228.0,4247.8707,53037.0,53286.2628,85.4,85.8014,120.0834,3.9407,3.8607,-0.3518,64.6456,34.1031,82.9295,70.1424,41.9866
2026-07,13543.0,11855.9048,13596.6327,3161.0,3173.5181,4073.0,4089.1298,52971.0,53180.7748,83.4,83.7303,120.597,4.2844,3.9053,-0.3613,64.5551,31.3232,79.8305,70.0035,40.9732
2026-08,14326.0,12356.3912,14326.0,3251.0,3251.0,4411.0,4411.0,55385.0,55385.0,90.9,90.9,118.8512,4.4066,3.9622,-0.3702,68.018,32.0879,86.1142,72.905,44.4816
